window,layer,head,rank,audit_rows,mean_relative_l2,p95_relative_l2,max_relative_l2
0,0,0,64,256,nan,nan,nan
0,0,0,256,256,nan,nan,nan
0,0,0,1024,256,nan,nan,nan
0,0,1,64,256,1.3982312679290771,1.9582551717758179,2.2107017040252686
0,0,1,256,256,1.1214704513549805,1.694224238395691,2.6287214756011963
0,0,1,1024,256,1.4376243352890015,2.018616199493408,2.1760079860687256
0,0,2,64,256,nan,nan,nan
0,0,2,256,256,nan,nan,nan
0,0,2,1024,256,nan,nan,nan
0,0,3,64,256,nan,nan,nan
0,0,3,256,256,nan,nan,nan
0,0,3,1024,256,nan,nan,nan
0,0,4,64,256,1.894261121749878,2.5775084495544434,2.7467167377471924
0,0,4,256,256,1.36690354347229,2.359158992767334,2.5681991577148438
0,0,4,1024,256,2.035766363143921,2.650172472000122,2.7611587047576904
0,0,5,64,256,1.7583407163619995,2.456271171569824,2.640745162963867
0,0,5,256,256,1.2651958465576172,2.206188678741455,3.0306780338287354
0,0,5,1024,256,1.8386712074279785,2.473783493041992,3.0510060787200928
0,0,6,64,256,1.787527084350586,2.605161190032959,2.7649118900299072
0,0,6,256,256,1.1584367752075195,2.300983190536499,2.981865644454956
0,0,6,1024,256,2.0025124549865723,2.7102243900299072,2.8199806213378906
0,0,7,64,256,2.6235084533691406,3.360032320022583,3.937103509902954
0,0,7,256,256,2.642915964126587,3.3853182792663574,4.329575538635254
0,0,7,1024,256,2.5668153762817383,3.273470401763916,3.937117338180542
0,0,8,64,256,nan,nan,nan
0,0,8,256,256,nan,nan,nan
0,0,8,1024,256,nan,nan,nan
0,0,9,64,256,2.8203258514404297,4.478057384490967,5.791429042816162
0,0,9,256,256,nan,nan,nan
0,0,9,1024,256,2.812366247177124,4.5273871421813965,5.554174423217773
0,0,10,64,256,nan,nan,nan
0,0,10,256,256,4.511806488037109,6.211507797241211,7.377973556518555
0,0,10,1024,256,nan,nan,nan
0,0,11,64,256,nan,nan,nan
0,0,11,256,256,2.056790828704834,3.1758131980895996,5.000092029571533
0,0,11,1024,256,nan,nan,nan
0,0,12,64,256,2.1591455936431885,2.594675302505493,3.1410181522369385
0,0,12,256,256,2.1497576236724854,2.5749266147613525,3.13484787940979
0,0,12,1024,256,nan,nan,nan
0,0,13,64,256,nan,nan,nan
0,0,13,256,256,2.6986656188964844,5.649868011474609,6.611392974853516
0,0,13,1024,256,nan,nan,nan
0,6,0,64,256,1.305706262588501,1.7232356071472168,2.2681453227996826
0,6,0,256,256,1.4190574884414673,2.5933425426483154,3.4257028102874756
0,6,0,1024,256,1.7277891635894775,4.006710052490234,4.518383502960205
0,6,1,64,256,1.1900146007537842,1.6298346519470215,1.9246262311935425
0,6,1,256,256,1.4128830432891846,2.0764622688293457,2.55273175239563
0,6,1,1024,256,1.5919822454452515,2.7775566577911377,3.380363941192627
0,6,2,64,256,1.326248288154602,1.7699940204620361,2.679457187652588
0,6,2,256,256,1.371931791305542,2.35878324508667,3.26267147064209
0,6,2,1024,256,1.7779779434204102,3.639955997467041,4.746623992919922
0,6,3,64,256,1.3540825843811035,1.7541303634643555,2.3929038047790527
0,6,3,256,256,1.5593770742416382,2.6825335025787354,3.512301206588745
0,6,3,1024,256,1.926764726638794,3.8796534538269043,4.3350677490234375
0,6,4,64,256,1.0879943370819092,1.4678040742874146,2.0977535247802734
0,6,4,256,256,1.1556742191314697,1.6585149765014648,2.402599811553955
0,6,4,1024,256,1.2136006355285645,1.8189316987991333,2.7052865028381348
0,6,5,64,256,1.27768874168396,1.757368803024292,2.58709454536438
0,6,5,256,256,1.4957425594329834,2.188565254211426,3.2537946701049805
0,6,5,1024,256,1.7648570537567139,3.2341079711914062,3.862774133682251
0,6,6,64,256,1.1737618446350098,1.672781229019165,2.246079444885254
0,6,6,256,256,1.3508902788162231,2.0308480262756348,2.5153465270996094
0,6,6,1024,256,1.4808931350708008,2.387880563735962,3.0061275959014893
0,6,7,64,256,1.2619831562042236,1.9140689373016357,3.5514976978302
0,6,7,256,256,1.278794288635254,1.555302619934082,1.8651560544967651
0,6,7,1024,256,1.2986057996749878,1.6134921312332153,2.239452362060547
0,6,8,64,256,1.3097147941589355,2.4310903549194336,3.4800047874450684
0,6,8,256,256,1.3346357345581055,1.6498796939849854,2.0465028285980225
0,6,8,1024,256,1.329646348953247,1.6782684326171875,2.0450363159179688
0,6,9,64,256,1.1727186441421509,1.444204568862915,2.525110960006714
0,6,9,256,256,1.2172683477401733,1.4156978130340576,1.5483988523483276
0,6,9,1024,256,1.2289965152740479,1.4157724380493164,1.540100336074829
0,6,10,64,256,1.2682255506515503,2.067934274673462,3.269653081893921
0,6,10,256,256,1.3314836025238037,1.6079590320587158,1.7750405073165894
0,6,10,1024,256,1.3376942873001099,1.5853123664855957,1.8834421634674072
0,6,11,64,256,1.2546417713165283,2.177523136138916,3.000856637954712
0,6,11,256,256,1.2625830173492432,1.542396068572998,2.0709176063537598
0,6,11,1024,256,1.3168468475341797,1.6284964084625244,2.143022298812866
0,6,12,64,256,1.2928295135498047,2.6367554664611816,3.4806909561157227
0,6,12,256,256,1.1897332668304443,1.513099193572998,1.792490839958191
0,6,12,1024,256,1.2163169384002686,1.5255669355392456,4.100586891174316
0,6,13,64,256,1.18367338180542,1.750809669494629,3.0549874305725098
0,6,13,256,256,1.3071589469909668,1.6137109994888306,1.9234106540679932
0,6,13,1024,256,1.3159490823745728,2.09070086479187,6.217756271362305
0,12,0,64,256,1.0014573335647583,1.0765310525894165,1.582882285118103
0,12,0,256,256,1.0228874683380127,1.1748782396316528,1.7274056673049927
0,12,0,1024,256,1.019697904586792,1.198432207107544,2.1500604152679443
0,12,1,64,256,0.9832237958908081,1.5330960750579834,2.98909592628479
0,12,1,256,256,1.0198214054107666,1.7270747423171997,2.502243757247925
0,12,1,1024,256,1.9256466627120972,2.889918804168701,3.7790260314941406
0,12,2,64,256,1.0478971004486084,1.2822177410125732,1.6001940965652466
0,12,2,256,256,1.1292214393615723,1.973565697669983,4.003404140472412
0,12,2,1024,256,1.1749441623687744,2.049241065979004,4.179812431335449
0,12,3,64,256,1.0801712274551392,1.694976568222046,5.52571439743042
0,12,3,256,256,1.2718181610107422,2.47640061378479,4.4901123046875
0,12,3,1024,256,1.044270396232605,2.2395713329315186,3.3120405673980713
0,12,4,64,256,1.0945104360580444,1.5277338027954102,1.7626780271530151
0,12,4,256,256,1.0106714963912964,1.7414387464523315,3.8426389694213867
0,12,4,1024,256,1.1871378421783447,1.9396862983703613,3.5331830978393555
0,12,5,64,256,0.937170684337616,1.094307541847229,1.2365150451660156
0,12,5,256,256,1.0116106271743774,1.2905573844909668,2.148303508758545
0,12,5,1024,256,1.075430154800415,1.6349908113479614,1.9681878089904785
0,12,6,64,256,0.9828943014144897,1.0994369983673096,1.9705179929733276
0,12,6,256,256,1.0242812633514404,1.2797852754592896,2.194643974304199
0,12,6,1024,256,1.1374982595443726,1.810874581336975,3.1231305599212646
0,12,7,64,256,1.3089046478271484,1.6509742736816406,3.3291492462158203
0,12,7,256,256,1.301283359527588,1.6260368824005127,1.965657114982605
0,12,7,1024,256,1.2900946140289307,1.6220579147338867,1.9476358890533447
0,12,8,64,256,1.1078681945800781,1.2470570802688599,2.0430636405944824
0,12,8,256,256,1.1135895252227783,1.2469288110733032,1.4151256084442139
0,12,8,1024,256,1.1137335300445557,1.2553045749664307,1.4938689470291138
0,12,9,64,256,1.2815942764282227,1.6152750253677368,3.736732006072998
0,12,9,256,256,1.2789217233657837,1.5426009893417358,1.9706276655197144
0,12,9,1024,256,1.2709938287734985,1.53554105758667,1.9648149013519287
0,12,10,64,256,1.3432949781417847,2.0597169399261475,4.084444522857666
0,12,10,256,256,1.3046643733978271,1.6889241933822632,1.8564252853393555
0,12,10,1024,256,1.2808445692062378,1.6903464794158936,1.8519902229309082
0,12,11,64,256,1.3123791217803955,1.7726004123687744,3.711507558822632
0,12,11,256,256,1.2658040523529053,1.5510594844818115,1.8850374221801758
0,12,11,1024,256,1.2439138889312744,1.5673937797546387,1.8844308853149414
0,12,12,64,256,1.156935214996338,1.3043885231018066,1.5055848360061646
0,12,12,256,256,1.165087342262268,1.3126492500305176,1.5144438743591309
0,12,12,1024,256,1.1763575077056885,1.3383796215057373,2.102071523666382
0,12,13,64,256,1.2747955322265625,1.6336737871170044,3.6991748809814453
0,12,13,256,256,1.2872737646102905,1.583238959312439,1.760251760482788
0,12,13,1024,256,1.235109806060791,1.58848237991333,1.8602412939071655
0,18,0,64,256,1.1941416263580322,2.0880966186523438,2.8383452892303467
0,18,0,256,256,1.5572704076766968,4.622394561767578,11.504984855651855
0,18,0,1024,256,1.2692186832427979,2.904712438583374,8.481222152709961
0,18,1,64,256,1.380150556564331,2.5226943492889404,11.788759231567383
0,18,1,256,256,1.451415777206421,3.6694769859313965,10.861287117004395
0,18,1,1024,256,1.4844439029693604,3.801129102706909,11.988696098327637
0,18,2,64,256,1.1893606185913086,1.6172701120376587,2.0010411739349365
0,18,2,256,256,1.3097281455993652,1.9704041481018066,9.301046371459961
0,18,2,1024,256,1.237402319908142,1.8977668285369873,5.796490669250488
0,18,3,64,256,1.1629745960235596,1.5135188102722168,3.8209211826324463
0,18,3,256,256,1.2388736009597778,2.0366270542144775,10.11489200592041
0,18,3,1024,256,1.1817758083343506,1.5420399904251099,4.915520668029785
0,18,4,64,256,1.3194513320922852,2.057330369949341,2.9562413692474365
0,18,4,256,256,1.5441137552261353,4.074708461761475,8.147406578063965
0,18,4,1024,256,1.5953935384750366,4.079771518707275,12.871649742126465
0,18,5,64,256,1.277390956878662,2.068732976913452,2.694364547729492
0,18,5,256,256,1.8515129089355469,4.8836350440979,9.19880485534668
0,18,5,1024,256,1.7357282638549805,5.7196431159973145,10.659411430358887
0,18,6,64,256,1.2719241380691528,1.801476240158081,4.0972676277160645
0,18,6,256,256,1.4477564096450806,3.3677358627319336,8.977662086486816
0,18,6,1024,256,1.3397233486175537,2.409745216369629,8.134530067443848
0,18,7,64,256,1.6498355865478516,5.143564701080322,7.946720600128174
0,18,7,256,256,0.999168872833252,1.1816529035568237,1.2777186632156372
0,18,7,1024,256,1.1757018566131592,2.6270511150360107,6.628512859344482
0,18,8,64,256,1.6182043552398682,4.640440940856934,8.492782592773438
0,18,8,256,256,0.9596057534217834,1.1799802780151367,1.2579439878463745
0,18,8,1024,256,1.0189034938812256,1.5197416543960571,4.235518455505371
0,18,9,64,256,1.2597419023513794,2.391788959503174,5.580505847930908
0,18,9,256,256,1.0702855587005615,1.1455092430114746,1.2117902040481567
0,18,9,1024,256,1.1098434925079346,1.7202839851379395,4.821683406829834
0,18,10,64,256,1.6260403394699097,4.850240707397461,7.9013190269470215
0,18,10,256,256,0.9831374883651733,1.1827404499053955,1.4573630094528198
0,18,10,1024,256,1.145938754081726,2.0386290550231934,7.408443927764893
0,18,11,64,256,1.346714735031128,3.274479866027832,7.362255573272705
0,18,11,256,256,1.014915943145752,1.1512970924377441,1.2283761501312256
0,18,11,1024,256,1.0733821392059326,1.434906244277954,6.488763332366943
0,18,12,64,256,1.3026506900787354,3.0071592330932617,6.817177772521973
0,18,12,256,256,1.0366929769515991,1.163102149963379,1.2601615190505981
0,18,12,1024,256,1.0954110622406006,1.4869811534881592,6.915968894958496
0,18,13,64,256,1.7946665287017822,5.596965312957764,8.35288143157959
0,18,13,256,256,0.9206538200378418,1.2908005714416504,1.4968905448913574
0,18,13,1024,256,1.388749361038208,3.5956249237060547,10.97877025604248
0,23,0,64,256,1.2218199968338013,1.629112720489502,1.8465185165405273
0,23,0,256,256,1.538859486579895,2.4012198448181152,2.8983726501464844
0,23,0,1024,256,1.1582971811294556,1.9433107376098633,2.5087878704071045
0,23,1,64,256,1.0695620775222778,1.4177775382995605,2.0523312091827393
0,23,1,256,256,1.1623938083648682,1.600119709968567,2.3665895462036133
0,23,1,1024,256,1.1757566928863525,1.6901800632476807,2.2776098251342773
0,23,2,64,256,1.079498529434204,1.4233989715576172,1.813795566558838
0,23,2,256,256,1.5039324760437012,2.1631386280059814,2.958571434020996
0,23,2,1024,256,1.016478180885315,1.567854404449463,2.6256721019744873
0,23,3,64,256,1.193666934967041,1.6112897396087646,1.9361389875411987
0,23,3,256,256,1.279383897781372,2.164973735809326,2.710820436477661
0,23,3,1024,256,0.998954713344574,1.500459909439087,2.5821425914764404
0,23,4,64,256,1.039098858833313,1.3265926837921143,1.64983332157135
0,23,4,256,256,1.2238004207611084,1.741001844406128,2.990605592727661
0,23,4,1024,256,1.1249122619628906,1.7270711660385132,2.562371253967285
0,23,5,64,256,0.8697043657302856,1.2265030145645142,1.541968584060669
0,23,5,256,256,1.1652551889419556,1.933727502822876,2.1972744464874268
0,23,5,1024,256,1.0730974674224854,1.6761280298233032,2.1978046894073486
0,23,6,64,256,1.0977447032928467,1.5119667053222656,2.0039689540863037
0,23,6,256,256,1.4655866622924805,2.0816123485565186,3.292239189147949
0,23,6,1024,256,1.1203207969665527,1.9094796180725098,3.134155035018921
0,23,7,64,256,2.029376268386841,3.8681020736694336,5.9508771896362305
0,23,7,256,256,1.455923318862915,2.6281795501708984,3.789478302001953
0,23,7,1024,256,1.5906825065612793,3.172844409942627,4.873591899871826
0,23,8,64,256,1.540428876876831,2.668482780456543,4.571369647979736
0,23,8,256,256,1.5309356451034546,2.2420144081115723,3.844670534133911
0,23,8,1024,256,1.3088620901107788,2.2100563049316406,5.639870643615723
0,23,9,64,256,1.8796770572662354,3.7896087169647217,5.103731632232666
0,23,9,256,256,1.6286118030548096,3.0016636848449707,4.137248516082764
0,23,9,1024,256,1.9777660369873047,4.0191755294799805,5.627099990844727
0,23,10,64,256,1.9568150043487549,4.169128894805908,5.031067848205566
0,23,10,256,256,1.3590521812438965,2.2183876037597656,3.5596683025360107
0,23,10,1024,256,1.3659846782684326,2.5702173709869385,5.106743335723877
0,23,11,64,256,1.5452998876571655,2.9324965476989746,4.557739734649658
0,23,11,256,256,1.5422215461730957,2.422956943511963,3.7885186672210693
0,23,11,1024,256,1.4752652645111084,2.5571634769439697,4.107327938079834
0,23,12,64,256,2.0206542015075684,4.445526123046875,5.316332817077637
0,23,12,256,256,1.5339159965515137,2.819262981414795,3.7344980239868164
0,23,12,1024,256,1.4823853969573975,2.8195390701293945,7.291626930236816
0,23,13,64,256,2.180516242980957,4.364675998687744,5.109695911407471
0,23,13,256,256,1.4311230182647705,2.4875476360321045,3.5218942165374756
0,23,13,1024,256,1.3141343593597412,2.4387643337249756,5.4947309494018555
1,0,0,64,256,nan,nan,nan
1,0,0,256,256,nan,nan,nan
1,0,0,1024,256,nan,nan,nan
1,0,1,64,256,1.2645297050476074,1.6336523294448853,1.8164217472076416
1,0,1,256,256,1.2740927934646606,1.582732915878296,1.637709379196167
1,0,1,1024,256,1.39223313331604,1.940333366394043,2.2354564666748047
1,0,2,64,256,nan,nan,nan
1,0,2,256,256,nan,nan,nan
1,0,2,1024,256,1.9393718242645264,2.5386157035827637,2.6124329566955566
1,0,3,64,256,nan,nan,nan
1,0,3,256,256,nan,nan,nan
1,0,3,1024,256,nan,nan,nan
1,0,4,64,256,1.600144386291504,1.9555972814559937,2.046529769897461
1,0,4,256,256,1.5651297569274902,1.7968307733535767,2.1158010959625244
1,0,4,1024,256,1.9673930406570435,2.5716869831085205,2.6447653770446777
1,0,5,64,256,1.4432330131530762,1.868863821029663,2.0213215351104736
1,0,5,256,256,1.3717161417007446,1.7203667163848877,1.7894458770751953
1,0,5,1024,256,1.83659827709198,2.403947353363037,2.552919864654541
1,0,6,64,256,1.4186426401138306,1.923130989074707,2.195432662963867
1,0,6,256,256,1.2756752967834473,1.6633281707763672,1.821355938911438
1,0,6,1024,256,nan,nan,nan
1,0,7,64,256,2.7993826866149902,3.7844865322113037,4.566936016082764
1,0,7,256,256,2.6738805770874023,3.7723898887634277,4.765052318572998
1,0,7,1024,256,2.75053334236145,3.7630555629730225,4.567039966583252
1,0,8,64,256,nan,nan,nan
1,0,8,256,256,nan,nan,nan
1,0,8,1024,256,nan,nan,nan
1,0,9,64,256,3.214808225631714,5.274269104003906,6.459622859954834
1,0,9,256,256,nan,nan,nan
1,0,9,1024,256,3.1600630283355713,5.27601432800293,6.458477020263672
1,0,10,64,256,nan,nan,nan
1,0,10,256,256,4.233999252319336,5.54510498046875,7.0532450675964355
1,0,10,1024,256,nan,nan,nan
1,0,11,64,256,nan,nan,nan
1,0,11,256,256,2.3343992233276367,3.5142998695373535,5.18578577041626
1,0,11,1024,256,nan,nan,nan
1,0,12,64,256,2.6510705947875977,3.307452917098999,3.831646680831909
1,0,12,256,256,2.557624578475952,3.329756736755371,3.5575804710388184
1,0,12,1024,256,nan,nan,nan
1,0,13,64,256,2.542013645172119,4.383509635925293,6.63085412979126
1,0,13,256,256,2.445796012878418,3.792100429534912,6.541955471038818
1,0,13,1024,256,2.479515552520752,4.3835368156433105,6.6310858726501465
1,6,0,64,256,1.5781248807907104,2.2172350883483887,2.6579644680023193
1,6,0,256,256,1.4306771755218506,2.288750410079956,3.0478715896606445
1,6,0,1024,256,2.167078971862793,3.6815764904022217,4.230780124664307
1,6,1,64,256,1.2210277318954468,1.7361030578613281,2.2560973167419434
1,6,1,256,256,1.1901452541351318,1.749992847442627,2.0378317832946777
1,6,1,1024,256,1.750664472579956,2.608363628387451,2.9371542930603027
1,6,2,64,256,1.5501971244812012,2.212245464324951,2.684623956680298
1,6,2,256,256,1.3558508157730103,2.0185513496398926,2.783052444458008
1,6,2,1024,256,2.3242743015289307,3.6587131023406982,4.383333683013916
1,6,3,64,256,1.59077787399292,2.3373231887817383,3.01202392578125
1,6,3,256,256,1.3616561889648438,1.9518582820892334,2.841066360473633
1,6,3,1024,256,2.4256961345672607,3.5047574043273926,3.9204061031341553
1,6,4,64,256,1.1101231575012207,1.4054791927337646,1.7420257329940796
1,6,4,256,256,1.119940996170044,1.5791534185409546,2.045236825942993
1,6,4,1024,256,1.2820611000061035,1.888138771057129,3.433102607727051
1,6,5,64,256,1.35590398311615,1.9151437282562256,2.7704379558563232
1,6,5,256,256,1.3469065427780151,1.9835318326950073,3.468017101287842
1,6,5,1024,256,1.8510651588439941,2.973598003387451,3.5629215240478516
1,6,6,64,256,1.1994684934616089,1.6015880107879639,1.9785429239273071
1,6,6,256,256,1.231113314628601,1.8646153211593628,2.927241325378418
1,6,6,1024,256,1.5581910610198975,2.467237710952759,2.9981467723846436
1,6,7,64,256,1.3020784854888916,1.6066405773162842,1.7749170064926147
1,6,7,256,256,1.1622775793075562,1.5987809896469116,2.1193697452545166
1,6,7,1024,256,1.39322030544281,1.7058484554290771,2.490976333618164
1,6,8,64,256,1.3258490562438965,1.7031893730163574,1.94697904586792
1,6,8,256,256,1.3337476253509521,1.694610834121704,2.0155954360961914
1,6,8,1024,256,1.4667179584503174,1.7671016454696655,2.1336750984191895
1,6,9,64,256,1.205376386642456,1.407508134841919,1.5522968769073486
1,6,9,256,256,1.1896469593048096,1.4004576206207275,1.725750207901001
1,6,9,1024,256,1.2341409921646118,1.425271987915039,1.590955376625061
1,6,10,64,256,1.2229712009429932,1.6151254177093506,1.8777374029159546
1,6,10,256,256,1.3240673542022705,1.6387388706207275,1.8879820108413696
1,6,10,1024,256,1.3641843795776367,1.6544792652130127,1.8912357091903687
1,6,11,64,256,1.30042564868927,1.7091304063796997,1.9927476644515991
1,6,11,256,256,1.2221062183380127,1.552835464477539,1.9549779891967773
1,6,11,1024,256,1.4351078271865845,1.7567702531814575,2.0299136638641357
1,6,12,64,256,1.2154654264450073,1.5164155960083008,1.7841956615447998
1,6,12,256,256,1.2276618480682373,1.4911774396896362,1.75872802734375
1,6,12,1024,256,1.293735384941101,1.5882322788238525,2.9824695587158203
1,6,13,64,256,1.268571138381958,1.5876010656356812,2.0000407695770264
1,6,13,256,256,1.3222029209136963,1.6367168426513672,2.0160958766937256
1,6,13,1024,256,1.321866512298584,1.6827342510223389,2.6859896183013916
1,12,0,64,256,1.523681402206421,2.3075368404388428,3.5455994606018066
1,12,0,256,256,1.0422642230987549,1.201205849647522,1.941110372543335
1,12,0,1024,256,1.0314136743545532,1.2428276538848877,1.974179983139038
1,12,1,64,256,4.203532695770264,5.4852752685546875,7.470465183258057
1,12,1,256,256,1.0134484767913818,1.50639009475708,2.2549941539764404
1,12,1,1024,256,1.4046556949615479,2.201997756958008,2.541879415512085
1,12,2,64,256,4.819323539733887,7.667960166931152,9.820377349853516
1,12,2,256,256,1.1294701099395752,1.6325933933258057,2.87841534614563
1,12,2,1024,256,1.15523362159729,1.8379367589950562,2.6097841262817383
1,12,3,64,256,6.100768089294434,10.047754287719727,11.090197563171387
1,12,3,256,256,1.1958202123641968,2.1842916011810303,4.311046123504639
1,12,3,1024,256,1.0407450199127197,2.370148181915283,5.3498215675354
1,12,4,64,256,6.578483581542969,9.368637084960938,10.49637508392334
1,12,4,256,256,1.1319200992584229,1.7930599451065063,3.58793568611145
1,12,4,1024,256,1.1223325729370117,1.88996160030365,2.9370579719543457
1,12,5,64,256,4.247442722320557,5.756203651428223,7.400660991668701
1,12,5,256,256,0.8783949613571167,1.1456961631774902,1.5137972831726074
1,12,5,1024,256,0.9241062998771667,1.3846476078033447,2.2078025341033936
1,12,6,64,256,3.1990208625793457,4.8680524826049805,6.526719093322754
1,12,6,256,256,1.0442910194396973,1.3815566301345825,2.191483497619629
1,12,6,1024,256,1.0209622383117676,1.5487264394760132,2.635268211364746
1,12,7,64,256,1.3329110145568848,1.65269935131073,2.233818769454956
1,12,7,256,256,1.3290669918060303,1.6291937828063965,1.9105396270751953
1,12,7,1024,256,1.3645285367965698,1.7296377420425415,3.3606691360473633
1,12,8,64,256,1.133495807647705,1.271131992340088,1.3821861743927002
1,12,8,256,256,1.1514475345611572,1.3359978199005127,2.361135244369507
1,12,8,1024,256,1.1625118255615234,1.360973596572876,2.3701655864715576
1,12,9,64,256,1.2745012044906616,1.5821651220321655,1.9335072040557861
1,12,9,256,256,1.2864840030670166,1.5858864784240723,1.9356188774108887
1,12,9,1024,256,1.2900019884109497,1.594860553741455,1.9110337495803833
1,12,10,64,256,1.365093469619751,1.7028248310089111,4.434869766235352
1,12,10,256,256,1.3331046104431152,1.6474251747131348,1.8886027336120605
1,12,10,1024,256,1.3598732948303223,1.7389558553695679,3.048981189727783
1,12,11,64,256,1.3844740390777588,1.8290681838989258,5.645126819610596
1,12,11,256,256,1.340126633644104,1.70607328414917,2.3712236881256104
1,12,11,1024,256,1.3621578216552734,1.8400418758392334,2.874575138092041
1,12,12,64,256,1.1824709177017212,1.3534727096557617,1.6364651918411255
1,12,12,256,256,1.1812794208526611,1.351264476776123,1.4496123790740967
1,12,12,1024,256,1.2362291812896729,1.58844792842865,2.5778701305389404
1,12,13,64,256,1.3789570331573486,1.7795436382293701,3.7723734378814697
1,12,13,256,256,1.3506858348846436,1.6712796688079834,2.125253200531006
1,12,13,1024,256,1.4656606912612915,2.300067663192749,3.130469560623169
1,18,0,64,256,1.2911137342453003,1.9218683242797852,2.8398289680480957
1,18,0,256,256,1.7205872535705566,4.106633186340332,11.422981262207031
1,18,0,1024,256,1.1872236728668213,1.9859827756881714,9.685470581054688
1,18,1,64,256,1.406834602355957,2.241712808609009,4.330145835876465
1,18,1,256,256,1.78304123878479,5.428255081176758,10.343873977661133
1,18,1,1024,256,1.752364158630371,5.280435562133789,14.471724510192871
1,18,2,64,256,1.1962451934814453,1.5378859043121338,3.951425790786743
1,18,2,256,256,1.1727135181427002,1.520082712173462,8.475377082824707
1,18,2,1024,256,1.2891058921813965,2.042811632156372,4.6680169105529785
1,18,3,64,256,1.157254695892334,1.5438013076782227,6.242002964019775
1,18,3,256,256,1.2259154319763184,1.9229633808135986,7.189028263092041
1,18,3,1024,256,1.254783272743225,1.8383960723876953,7.386701583862305
1,18,4,64,256,1.3442810773849487,1.8505278825759888,2.4805517196655273
1,18,4,256,256,1.2885246276855469,2.352658271789551,8.350253105163574
1,18,4,1024,256,1.7330783605575562,5.094275951385498,9.718923568725586
1,18,5,64,256,1.3548822402954102,2.062605619430542,2.8040719032287598
1,18,5,256,256,1.3622872829437256,2.55374813079834,9.769209861755371
1,18,5,1024,256,1.8501262664794922,5.504933834075928,10.36489486694336
1,18,6,64,256,1.2638781070709229,1.6356018781661987,1.9594299793243408
1,18,6,256,256,1.2003369331359863,1.764937162399292,6.379892349243164
1,18,6,1024,256,1.3785018920898438,2.954587697982788,7.731934070587158
1,18,7,64,256,1.1673080921173096,2.4132938385009766,4.24581241607666
1,18,7,256,256,1.0217000246047974,1.179760456085205,1.4250295162200928
1,18,7,1024,256,1.2899088859558105,2.9912068843841553,5.602168083190918
1,18,8,64,256,1.1565614938735962,2.2186992168426514,4.521528244018555
1,18,8,256,256,1.0324952602386475,1.1984630823135376,2.0789201259613037
1,18,8,1024,256,1.1665308475494385,2.2669901847839355,5.505212306976318
1,18,9,64,256,1.0653076171875,1.3057233095169067,2.5755202770233154
1,18,9,256,256,1.0827069282531738,1.1758522987365723,1.4989678859710693
1,18,9,1024,256,1.079880714416504,1.480354905128479,2.7419676780700684
1,18,10,64,256,1.1490641832351685,1.8071131706237793,4.615232944488525
1,18,10,256,256,1.080662727355957,1.2292591333389282,1.3715912103652954
1,18,10,1024,256,1.202339768409729,2.154655933380127,5.6983866691589355
1,18,11,64,256,1.0921393632888794,1.4590966701507568,3.700498104095459
1,18,11,256,256,1.0597856044769287,1.159603476524353,1.3750169277191162
1,18,11,1024,256,1.0944938659667969,1.283294916152954,4.420875549316406
1,18,12,64,256,1.088172197341919,1.2238209247589111,4.485415458679199
1,18,12,256,256,1.0643622875213623,1.1693724393844604,1.3275129795074463
1,18,12,1024,256,1.0870048999786377,1.355815052986145,3.313464879989624
1,18,13,64,256,1.3129017353057861,3.4289679527282715,4.755457878112793
1,18,13,256,256,1.0782057046890259,1.4245567321777344,2.4426679611206055
1,18,13,1024,256,1.1679847240447998,1.9573662281036377,6.374112129211426
1,23,0,64,256,1.3538689613342285,2.178981065750122,2.60825514793396
1,23,0,256,256,1.4651355743408203,2.7327513694763184,3.0841856002807617
1,23,0,1024,256,0.916823148727417,1.3981132507324219,3.1639392375946045
1,23,1,64,256,1.1134170293807983,1.6623400449752808,2.436774730682373
1,23,1,256,256,1.0809757709503174,1.6527196168899536,2.22359561920166
1,23,1,1024,256,1.09956955909729,1.6408309936523438,2.4774656295776367
1,23,2,64,256,1.1789926290512085,1.9136356115341187,2.8037030696868896
1,23,2,256,256,1.3049626350402832,2.4808340072631836,4.138482093811035
1,23,2,1024,256,0.7817197442054749,1.2108248472213745,1.6863662004470825
1,23,3,64,256,1.2406619787216187,1.6138489246368408,2.2312686443328857
1,23,3,256,256,0.9596543312072754,1.8092620372772217,3.0034828186035156
1,23,3,1024,256,0.98408043384552,1.553235411643982,3.721165657043457
1,23,4,64,256,1.092828392982483,1.7274430990219116,2.6007633209228516
1,23,4,256,256,1.0546777248382568,1.606575608253479,2.4804069995880127
1,23,4,1024,256,0.9912729263305664,1.4362562894821167,2.2914063930511475
1,23,5,64,256,1.1068649291992188,2.055027723312378,2.57875394821167
1,23,5,256,256,1.0911636352539062,2.025707244873047,2.3631811141967773
1,23,5,1024,256,0.7842898964881897,1.3948843479156494,1.9185965061187744
1,23,6,64,256,1.16411292552948,2.141664505004883,2.9493484497070312
1,23,6,256,256,1.159659504890442,2.048436403274536,2.460613250732422
1,23,6,1024,256,0.9532305002212524,1.7355879545211792,2.2519524097442627
1,23,7,64,256,2.4116015434265137,5.2685441970825195,8.480571746826172
1,23,7,256,256,1.770301342010498,3.6355555057525635,4.328841686248779
1,23,7,1024,256,2.1526386737823486,4.014415264129639,6.703583717346191
1,23,8,64,256,1.6520779132843018,3.165309190750122,5.538294315338135
1,23,8,256,256,1.7337312698364258,3.247849464416504,4.357646465301514
1,23,8,1024,256,1.4084768295288086,3.041476249694824,7.594257831573486
1,23,9,64,256,1.5302637815475464,3.202030658721924,5.855299949645996
1,23,9,256,256,1.7067499160766602,3.4389500617980957,4.9672698974609375
1,23,9,1024,256,2.125983238220215,4.670514106750488,7.803986549377441
1,23,10,64,256,2.2255091667175293,4.574718475341797,7.105379581451416
1,23,10,256,256,1.4674546718597412,2.6601359844207764,4.775874614715576
1,23,10,1024,256,3.790776252746582,7.71226167678833,10.150870323181152
1,23,11,64,256,1.455655813217163,2.5925586223602295,4.839865207672119
1,23,11,256,256,1.6174540519714355,3.2316503524780273,4.371018886566162
1,23,11,1024,256,2.0590357780456543,4.15781831741333,6.95185661315918
1,23,12,64,256,1.9227232933044434,4.352692604064941,6.145397186279297
1,23,12,256,256,1.5576069355010986,3.2914228439331055,4.7195281982421875
1,23,12,1024,256,1.8133699893951416,4.219216346740723,7.2051849365234375
1,23,13,64,256,2.1752138137817383,3.940932512283325,5.9314985275268555
1,23,13,256,256,1.5975172519683838,3.21541428565979,4.394824981689453
1,23,13,1024,256,1.5910663604736328,3.4323368072509766,7.45216178894043
2,0,0,64,256,nan,nan,nan
2,0,0,256,256,nan,nan,nan
2,0,0,1024,256,nan,nan,nan
2,0,1,64,256,1.4215046167373657,1.9947102069854736,2.225203275680542
2,0,1,256,256,1.6275126934051514,2.080552577972412,2.2710156440734863
2,0,1,1024,256,1.495593547821045,2.0829508304595947,2.276190996170044
2,0,2,64,256,nan,nan,nan
2,0,2,256,256,nan,nan,nan
2,0,2,1024,256,nan,nan,nan
2,0,3,64,256,nan,nan,nan
2,0,3,256,256,nan,nan,nan
2,0,3,1024,256,nan,nan,nan
2,0,4,64,256,1.9253504276275635,2.670555591583252,2.775408983230591
2,0,4,256,256,2.3422088623046875,2.595710039138794,2.686246633529663
2,0,4,1024,256,2.097727060317993,2.6042447090148926,2.706916570663452
2,0,5,64,256,1.762155294418335,2.5429179668426514,2.7491836547851562
2,0,5,256,256,2.142167091369629,2.5150034427642822,2.601107597351074
2,0,5,1024,256,1.959294080734253,2.46079683303833,2.621778726577759
2,0,6,64,256,1.7938045263290405,2.6997971534729004,2.8075144290924072
2,0,6,256,256,2.2699921131134033,2.6174490451812744,2.697073459625244
2,0,6,1024,256,nan,nan,nan
2,0,7,64,256,3.1963753700256348,4.173647880554199,4.442976474761963
2,0,7,256,256,2.051632881164551,3.480398416519165,4.161115646362305
2,0,7,1024,256,3.0289645195007324,4.0482587814331055,4.302548408508301
2,0,8,64,256,nan,nan,nan
2,0,8,256,256,nan,nan,nan
2,0,8,1024,256,nan,nan,nan
2,0,9,64,256,3.614201545715332,5.652914524078369,8.097928047180176
2,0,9,256,256,nan,nan,nan
2,0,9,1024,256,nan,nan,nan
2,0,10,64,256,nan,nan,nan
2,0,10,256,256,nan,nan,nan
2,0,10,1024,256,nan,nan,nan
2,0,11,64,256,nan,nan,nan
2,0,11,256,256,1.791177749633789,2.891324043273926,4.357248783111572
2,0,11,1024,256,nan,nan,nan
2,0,12,64,256,nan,nan,nan
2,0,12,256,256,1.6921758651733398,2.0184109210968018,2.6944546699523926
2,0,12,1024,256,nan,nan,nan
2,0,13,64,256,nan,nan,nan
2,0,13,256,256,1.8701177835464478,3.244776964187622,7.117384910583496
2,0,13,1024,256,nan,nan,nan
2,6,0,64,256,1.6005034446716309,2.3478047847747803,2.9845075607299805
2,6,0,256,256,1.5322535037994385,2.41915225982666,3.1231141090393066
2,6,0,1024,256,1.6143664121627808,2.572643995285034,3.130842924118042
2,6,1,64,256,1.2552125453948975,1.8133208751678467,2.8033385276794434
2,6,1,256,256,1.225904107093811,1.7299119234085083,2.3222615718841553
2,6,1,1024,256,1.461787462234497,2.0892586708068848,2.3705246448516846
2,6,2,64,256,1.5601282119750977,2.326629877090454,3.661529779434204
2,6,2,256,256,1.4040460586547852,2.0989274978637695,3.083786964416504
2,6,2,1024,256,1.6201834678649902,2.3866448402404785,2.941779136657715
2,6,3,64,256,1.5784170627593994,2.3924319744110107,3.7441906929016113
2,6,3,256,256,1.4913270473480225,2.1892523765563965,2.7611441612243652
2,6,3,1024,256,1.7595173120498657,2.4372029304504395,2.809849262237549
2,6,4,64,256,1.1272401809692383,1.4827505350112915,1.9521580934524536
2,6,4,256,256,1.1009151935577393,1.4467679262161255,1.9378684759140015
2,6,4,1024,256,1.1741306781768799,1.617981195449829,2.1660656929016113
2,6,5,64,256,1.347406029701233,1.9356951713562012,3.278923511505127
2,6,5,256,256,1.3904917240142822,2.0258142948150635,2.6030097007751465
2,6,5,1024,256,1.5972423553466797,2.275696277618408,2.7949132919311523
2,6,6,64,256,1.2213270664215088,1.6477596759796143,2.2761712074279785
2,6,6,256,256,1.2100497484207153,1.7375696897506714,2.2410664558410645
2,6,6,1024,256,1.3350108861923218,1.9578766822814941,2.8109045028686523
2,6,7,64,256,1.2537939548492432,1.5661932229995728,1.8903076648712158
2,6,7,256,256,1.1443970203399658,1.579495906829834,2.6975784301757812
2,6,7,1024,256,1.3585097789764404,1.6829590797424316,2.4392447471618652
2,6,8,64,256,1.332113265991211,1.720309853553772,1.889328122138977
2,6,8,256,256,1.2897529602050781,1.7013956308364868,1.8523894548416138
2,6,8,1024,256,1.472306489944458,1.8209941387176514,1.9295212030410767
2,6,9,64,256,1.2065225839614868,1.4342787265777588,1.6497775316238403
2,6,9,256,256,1.1913280487060547,1.4224485158920288,1.6950880289077759
2,6,9,1024,256,1.2467129230499268,1.4978138208389282,1.7298110723495483
2,6,10,64,256,1.264912724494934,1.6219291687011719,1.772960901260376
2,6,10,256,256,1.334984302520752,1.6440789699554443,2.3342435359954834
2,6,10,1024,256,1.4016430377960205,1.6878290176391602,1.7750871181488037
2,6,11,64,256,1.229496717453003,1.658432960510254,1.948525071144104
2,6,11,256,256,1.1829197406768799,1.5918850898742676,1.9094988107681274
2,6,11,1024,256,1.4052088260650635,1.752657175064087,2.0026004314422607
2,6,12,64,256,1.2237578630447388,1.5616300106048584,1.7266974449157715
2,6,12,256,256,1.252094030380249,1.6023192405700684,3.008660078048706
2,6,12,1024,256,1.3130769729614258,1.6485333442687988,4.415975093841553
2,6,13,64,256,1.2437068223953247,1.6399366855621338,2.132086992263794
2,6,13,256,256,1.2889626026153564,1.6710906028747559,1.8876423835754395
2,6,13,1024,256,1.260674238204956,1.7223756313323975,2.4471304416656494
2,12,0,64,256,1.0716395378112793,1.2434265613555908,1.4056532382965088
2,12,0,256,256,1.0192523002624512,1.1875404119491577,1.4697728157043457
2,12,0,1024,256,1.047932505607605,1.2616708278656006,1.7193986177444458
2,12,1,64,256,1.3489652872085571,2.034788131713867,3.503922700881958
2,12,1,256,256,1.3441009521484375,1.8862483501434326,2.8596365451812744
2,12,1,1024,256,0.9730466604232788,1.420699954032898,1.5373426675796509
2,12,2,64,256,1.8679399490356445,2.8515026569366455,3.6983423233032227
2,12,2,256,256,1.0796985626220703,1.420480728149414,2.8446056842803955
2,12,2,1024,256,1.3654232025146484,2.6146984100341797,4.176965713500977
2,12,3,64,256,2.141772985458374,3.4367332458496094,5.23810338973999
2,12,3,256,256,1.4203119277954102,2.631126880645752,3.435966730117798
2,12,3,1024,256,1.0422344207763672,2.143592596054077,5.822178363800049
2,12,4,64,256,2.513197898864746,3.459291934967041,4.004158973693848
2,12,4,256,256,1.0758509635925293,1.8386452198028564,4.0719733238220215
2,12,4,1024,256,1.5542535781860352,3.2984533309936523,5.559504985809326
2,12,5,64,256,1.6087157726287842,2.189901828765869,2.7109522819519043
2,12,5,256,256,1.1565911769866943,1.8667399883270264,3.0848512649536133
2,12,5,1024,256,0.9554747343063354,1.4852988719940186,3.6002378463745117
2,12,6,64,256,1.315565586090088,1.7822011709213257,2.5972232818603516
2,12,6,256,256,1.0727088451385498,1.4499375820159912,2.2920045852661133
2,12,6,1024,256,1.1147043704986572,1.8209187984466553,3.3452887535095215
2,12,7,64,256,1.3438063859939575,1.8044965267181396,2.4623308181762695
2,12,7,256,256,1.333575963973999,1.781450867652893,2.061192512512207
2,12,7,1024,256,1.311063289642334,1.6880199909210205,2.016604423522949
2,12,8,64,256,1.1238923072814941,1.2870745658874512,2.1432080268859863
2,12,8,256,256,1.111592173576355,1.2881011962890625,1.5481318235397339
2,12,8,1024,256,1.119012713432312,1.2929234504699707,1.7421643733978271
2,12,9,64,256,1.2551121711730957,1.6569019556045532,2.779528856277466
2,12,9,256,256,1.2650834321975708,1.6481001377105713,1.9603943824768066
2,12,9,1024,256,1.2468228340148926,1.623032569885254,1.951092004776001
2,12,10,64,256,1.3010969161987305,1.7079886198043823,2.800060272216797
2,12,10,256,256,1.3021751642227173,1.6636712551116943,2.14933180809021
2,12,10,1024,256,1.2831244468688965,1.6286176443099976,3.1578195095062256
2,12,11,64,256,1.2923495769500732,1.7267664670944214,3.398223638534546
2,12,11,256,256,1.275759220123291,1.7027511596679688,1.9870054721832275
2,12,11,1024,256,1.2717596292495728,1.7054920196533203,2.4192402362823486
2,12,12,64,256,1.146760106086731,1.3098589181900024,1.382010579109192
2,12,12,256,256,1.152402639389038,1.312125325202942,1.8797801733016968
2,12,12,1024,256,1.1497396230697632,1.3202279806137085,1.6460109949111938
2,12,13,64,256,1.302990436553955,1.7410871982574463,2.2628531455993652
2,12,13,256,256,1.3177270889282227,1.6723406314849854,2.2613577842712402
2,12,13,1024,256,1.288243055343628,1.65959632396698,3.1159348487854004
2,18,0,64,256,1.3413639068603516,2.180483818054199,4.5174665451049805
2,18,0,256,256,2.1589770317077637,6.216152667999268,18.126447677612305
2,18,0,1024,256,1.2777081727981567,2.188493251800537,10.342318534851074
2,18,1,64,256,1.406336784362793,2.529263973236084,4.483575820922852
2,18,1,256,256,2.323883533477783,7.229427337646484,14.713027000427246
2,18,1,1024,256,1.4003846645355225,3.5708389282226562,9.61801528930664
2,18,2,64,256,1.169103741645813,1.53677237033844,2.1265289783477783
2,18,2,256,256,1.9524897336959839,5.660120964050293,9.137089729309082
2,18,2,1024,256,1.2533204555511475,1.8769452571868896,11.173529624938965
2,18,3,64,256,1.1562554836273193,1.5015621185302734,4.421016693115234
2,18,3,256,256,1.7044811248779297,4.473816871643066,6.534496784210205
2,18,3,1024,256,1.2478032112121582,2.1742515563964844,7.050966262817383
2,18,4,64,256,1.3131451606750488,1.9295923709869385,3.1892895698547363
2,18,4,256,256,2.1808090209960938,6.2735490798950195,16.966718673706055
2,18,4,1024,256,1.318185806274414,2.82724666595459,12.065340042114258
2,18,5,64,256,1.405796766281128,2.1912591457366943,2.8687613010406494
2,18,5,256,256,3.0978033542633057,8.718559265136719,13.897611618041992
2,18,5,1024,256,1.6891593933105469,5.28530216217041,10.019953727722168
2,18,6,64,256,1.2469192743301392,1.6875319480895996,3.4977715015411377
2,18,6,256,256,1.9464144706726074,5.888133525848389,12.925782203674316
2,18,6,1024,256,1.2591930627822876,2.031001567840576,8.818126678466797
2,18,7,64,256,1.3925845623016357,3.298691749572754,4.572010040283203
2,18,7,256,256,0.9778672456741333,1.2067980766296387,1.3219348192214966
2,18,7,1024,256,1.3327360153198242,3.1178858280181885,6.460024356842041
2,18,8,64,256,1.2005584239959717,2.3804073333740234,4.252865791320801
2,18,8,256,256,1.0072054862976074,1.1791319847106934,3.2708568572998047
2,18,8,1024,256,1.0733234882354736,1.767519474029541,4.163296222686768
2,18,9,64,256,1.0589489936828613,1.2664294242858887,2.577397346496582
2,18,9,256,256,1.0771393775939941,1.1917529106140137,1.7111924886703491
2,18,9,1024,256,1.0679965019226074,1.585924506187439,2.678344249725342
2,18,10,64,256,1.113205909729004,2.0333733558654785,3.9730513095855713
2,18,10,256,256,1.0626574754714966,1.2471667528152466,3.038696765899658
2,18,10,1024,256,1.1813749074935913,2.8512439727783203,4.951264381408691
2,18,11,64,256,1.1291567087173462,1.6825681924819946,3.8452999591827393
2,18,11,256,256,1.0486875772476196,1.1659440994262695,1.3548734188079834
2,18,11,1024,256,1.100258469581604,1.750292420387268,2.8843154907226562
2,18,12,64,256,1.1770097017288208,1.7895855903625488,4.37214994430542
2,18,12,256,256,1.0750420093536377,1.1971744298934937,1.9905732870101929
2,18,12,1024,256,1.0794074535369873,1.3653069734573364,3.236788749694824
2,18,13,64,256,1.373948097229004,3.1023800373077393,5.898510932922363
2,18,13,256,256,1.0555545091629028,1.3321459293365479,2.0301859378814697
2,18,13,1024,256,1.3543286323547363,3.3030056953430176,7.131043434143066
2,23,0,64,256,1.643762469291687,2.1665070056915283,2.38211989402771
2,23,0,256,256,1.271113395690918,2.492182493209839,3.0408871173858643
2,23,0,1024,256,0.9487044215202332,1.272218942642212,1.5424234867095947
2,23,1,64,256,1.1675941944122314,1.7145048379898071,2.2556443214416504
2,23,1,256,256,1.125237226486206,1.5766654014587402,2.2451422214508057
2,23,1,1024,256,1.1302968263626099,1.6283326148986816,2.2466979026794434
2,23,2,64,256,1.4775903224945068,1.945096492767334,2.3238141536712646
2,23,2,256,256,1.1999738216400146,2.293240547180176,3.0016531944274902
2,23,2,1024,256,0.8540130853652954,1.2899224758148193,2.8778061866760254
2,23,3,64,256,1.6969287395477295,2.2008399963378906,2.417358636856079
2,23,3,256,256,1.006256103515625,1.4528322219848633,2.3633413314819336
2,23,3,1024,256,1.1510378122329712,2.012057304382324,3.196030855178833
2,23,4,64,256,1.2456011772155762,1.775148630142212,2.190598726272583
2,23,4,256,256,1.056974172592163,1.4693796634674072,1.9864686727523804
2,23,4,1024,256,1.0576016902923584,1.5997828245162964,2.9992802143096924
2,23,5,64,256,0.8480125069618225,1.4025181531906128,1.7907966375350952
2,23,5,256,256,1.1884593963623047,2.1885485649108887,2.6116690635681152
2,23,5,1024,256,0.832171618938446,1.6093966960906982,2.631971597671509
2,23,6,64,256,1.4308968782424927,1.9758803844451904,2.524258852005005
2,23,6,256,256,1.1011251211166382,1.5777766704559326,2.304053544998169
2,23,6,1024,256,1.052445650100708,1.689467430114746,3.052111864089966
2,23,7,64,256,1.6490404605865479,2.9300785064697266,5.149656295776367
2,23,7,256,256,1.6179423332214355,2.8803157806396484,4.270013809204102
2,23,7,1024,256,1.573246955871582,2.8161182403564453,4.009602069854736
2,23,8,64,256,1.4004358053207397,2.5225040912628174,3.7852840423583984
2,23,8,256,256,1.6064646244049072,3.0484580993652344,3.720691204071045
2,23,8,1024,256,1.587446689605713,3.7065742015838623,6.691966533660889
2,23,9,64,256,1.3170878887176514,2.3370113372802734,3.7635040283203125
2,23,9,256,256,1.519408941268921,2.6900949478149414,3.8270859718322754
2,23,9,1024,256,1.694936752319336,3.6801774501800537,5.978418350219727
2,23,10,64,256,1.4012317657470703,2.6494557857513428,3.487184762954712
2,23,10,256,256,1.205776572227478,2.0840330123901367,3.0295093059539795
2,23,10,1024,256,1.2617872953414917,2.542724609375,4.939281463623047
2,23,11,64,256,1.202721118927002,2.0537939071655273,3.4191086292266846
2,23,11,256,256,1.5386884212493896,2.9202122688293457,3.991210699081421
2,23,11,1024,256,1.467468023300171,2.544748544692993,5.5199456214904785
2,23,12,64,256,1.4257593154907227,2.938243865966797,4.333338260650635
2,23,12,256,256,1.3623566627502441,2.7402567863464355,3.594428777694702
2,23,12,1024,256,1.4460651874542236,3.2378220558166504,6.992208480834961
2,23,13,64,256,1.4962153434753418,2.359635353088379,3.4632720947265625
2,23,13,256,256,1.362034797668457,2.6844162940979004,4.098629474639893
2,23,13,1024,256,1.7179384231567383,3.6322007179260254,5.870139122009277
3,0,0,64,256,nan,nan,nan
3,0,0,256,256,nan,nan,nan
3,0,0,1024,256,nan,nan,nan
3,0,1,64,256,1.4599943161010742,2.0395901203155518,2.202507495880127
3,0,1,256,256,1.689680576324463,2.1728334426879883,2.3561763763427734
3,0,1,1024,256,1.2463915348052979,1.7513213157653809,2.169895887374878
3,0,2,64,256,nan,nan,nan
3,0,2,256,256,nan,nan,nan
3,0,2,1024,256,1.8660311698913574,2.5821657180786133,2.7529871463775635
3,0,3,64,256,nan,nan,nan
3,0,3,256,256,nan,nan,nan
3,0,3,1024,256,nan,nan,nan
3,0,4,64,256,1.9733660221099854,2.5102896690368652,2.6796774864196777
3,0,4,256,256,2.484440565109253,2.7580113410949707,2.919435739517212
3,0,4,1024,256,1.661088466644287,2.4573729038238525,2.6920695304870605
3,0,5,64,256,1.8035244941711426,2.4078941345214844,2.556279182434082
3,0,5,256,256,2.2702126502990723,2.5993540287017822,2.7802348136901855
3,0,5,1024,256,1.4853601455688477,2.2935001850128174,2.5041186809539795
3,0,6,64,256,1.879417896270752,2.5655131340026855,2.839871644973755
3,0,6,256,256,2.513260841369629,2.7986011505126953,2.870988130569458
3,0,6,1024,256,1.630767583847046,2.582520008087158,2.7797369956970215
3,0,7,64,256,2.9483513832092285,3.7769064903259277,4.512618064880371
3,0,7,256,256,2.2807960510253906,3.419630527496338,5.332539081573486
3,0,7,1024,256,3.039689064025879,3.9074010848999023,4.676370143890381
3,0,8,64,256,nan,nan,nan
3,0,8,256,256,nan,nan,nan
3,0,8,1024,256,4.319293022155762,5.366352081298828,6.32887077331543
3,0,9,64,256,3.356011390686035,5.370567798614502,7.03648042678833
3,0,9,256,256,2.7080748081207275,4.85944938659668,8.046327590942383
3,0,9,1024,256,3.568390130996704,5.868171215057373,8.20761489868164
3,0,10,64,256,5.5290727615356445,7.886098861694336,8.756757736206055
3,0,10,256,256,4.307714462280273,6.464261054992676,9.556463241577148
3,0,10,1024,256,5.738100528717041,8.374759674072266,10.143539428710938
3,0,11,64,256,2.5043797492980957,3.9801814556121826,5.889987945556641
3,0,11,256,256,1.884061574935913,3.2551231384277344,5.2933669090271
3,0,11,1024,256,2.598416328430176,4.331635475158691,5.711915016174316
3,0,12,64,256,2.7895638942718506,3.328125238418579,3.6175456047058105
3,0,12,256,256,1.8357138633728027,2.2855212688446045,2.4361178874969482
3,0,12,1024,256,nan,nan,nan
3,0,13,64,256,2.867387294769287,5.345351219177246,7.346889972686768
3,0,13,256,256,2.077705144882202,3.915031909942627,5.716516494750977
3,0,13,1024,256,2.896648645401001,5.535730361938477,7.401242256164551
3,6,0,64,256,1.3782086372375488,1.9343266487121582,2.3280842304229736
3,6,0,256,256,1.9947527647018433,4.383514404296875,5.534116744995117
3,6,0,1024,256,1.5003422498703003,2.449918746948242,4.729523658752441
3,6,1,64,256,1.1043283939361572,1.3923439979553223,1.6667695045471191
3,6,1,256,256,1.257883071899414,2.236628293991089,3.3493545055389404
3,6,1,1024,256,1.3802207708358765,1.8432573080062866,2.435481309890747
3,6,2,64,256,1.314033031463623,1.9300742149353027,2.1868042945861816
3,6,2,256,256,1.8970654010772705,3.927985668182373,6.232965469360352
3,6,2,1024,256,1.5149600505828857,2.385730028152466,3.2380638122558594
3,6,3,64,256,1.2990820407867432,1.7275598049163818,2.348766326904297
3,6,3,256,256,2.1748204231262207,4.170582294464111,5.456852912902832
3,6,3,1024,256,1.5513691902160645,2.297847032546997,2.8528528213500977
3,6,4,64,256,1.089345097541809,1.4196250438690186,1.692522406578064
3,6,4,256,256,1.1412039995193481,1.6304786205291748,2.9268758296966553
3,6,4,1024,256,1.1541476249694824,1.5804212093353271,1.920717477798462
3,6,5,64,256,1.246442198753357,1.7136276960372925,2.1838555335998535
3,6,5,256,256,1.5189878940582275,3.0041451454162598,4.031706809997559
3,6,5,1024,256,1.5389662981033325,2.3883004188537598,3.909454345703125
3,6,6,64,256,1.1397294998168945,1.4783706665039062,2.0716216564178467
3,6,6,256,256,1.25736403465271,2.070495128631592,3.4563281536102295
3,6,6,1024,256,1.345402479171753,1.9776370525360107,2.829679012298584
3,6,7,64,256,1.0986194610595703,1.4644840955734253,1.8468223810195923
3,6,7,256,256,1.241150975227356,1.753161907196045,3.201749324798584
3,6,7,1024,256,1.328601360321045,1.7514946460723877,2.9072306156158447
3,6,8,64,256,1.2169549465179443,1.6789664030075073,1.9428902864456177
3,6,8,256,256,1.3862769603729248,1.8495336771011353,3.316679000854492
3,6,8,1024,256,1.551855444908142,2.1314573287963867,5.553263187408447
3,6,9,64,256,1.1834334135055542,1.4728691577911377,1.71327805519104
3,6,9,256,256,1.2244185209274292,1.4977877140045166,2.3369948863983154
3,6,9,1024,256,1.2598886489868164,1.4849176406860352,4.587444305419922
3,6,10,64,256,1.2502819299697876,1.6324715614318848,1.8874590396881104
3,6,10,256,256,1.3965362310409546,1.6919550895690918,4.252758979797363
3,6,10,1024,256,1.3999093770980835,1.714961290359497,1.9127990007400513
3,6,11,64,256,1.0446360111236572,1.5283311605453491,1.7260204553604126
3,6,11,256,256,1.160930871963501,1.6184436082839966,3.3225104808807373
3,6,11,1024,256,1.3383588790893555,1.7045708894729614,2.2259905338287354
3,6,12,64,256,1.1725023984909058,1.5215075016021729,2.482895612716675
3,6,12,256,256,1.2949994802474976,1.7368032932281494,3.9620962142944336
3,6,12,1024,256,1.3253501653671265,1.6433438062667847,5.449328422546387
3,6,13,64,256,1.1613128185272217,1.6482949256896973,2.1581413745880127
3,6,13,256,256,1.3239970207214355,1.7058888673782349,2.3238818645477295
3,6,13,1024,256,1.529489278793335,2.8476548194885254,5.551555156707764
3,12,0,64,256,1.0562407970428467,1.2360789775848389,1.7472807168960571
3,12,0,256,256,1.0505142211914062,1.230580449104309,1.6064757108688354
3,12,0,1024,256,1.0478144884109497,1.3091920614242554,1.8111052513122559
3,12,1,64,256,2.0937957763671875,4.481654167175293,5.695435047149658
3,12,1,256,256,0.9795030355453491,1.6342525482177734,2.8733925819396973
3,12,1,1024,256,1.4621355533599854,2.0322678089141846,2.6104660034179688
3,12,2,64,256,1.5812972784042358,2.3107612133026123,2.927196979522705
3,12,2,256,256,1.1532096862792969,1.8839728832244873,3.83194899559021
3,12,2,1024,256,1.5484745502471924,3.4221785068511963,5.230759620666504
3,12,3,64,256,2.318389415740967,5.026825428009033,9.529892921447754
3,12,3,256,256,1.608217716217041,3.4445126056671143,5.945602893829346
3,12,3,1024,256,1.353471279144287,3.3936710357666016,5.091928958892822
3,12,4,64,256,2.0729265213012695,2.980527877807617,3.4054484367370605
3,12,4,256,256,1.0762773752212524,1.7862844467163086,3.6936349868774414
3,12,4,1024,256,1.6999990940093994,3.3050224781036377,5.9405107498168945
3,12,5,64,256,1.2850714921951294,1.7232441902160645,2.6784911155700684
3,12,5,256,256,0.9632588624954224,1.2190568447113037,1.991551160812378
3,12,5,1024,256,1.3062446117401123,2.68697190284729,4.246869087219238
3,12,6,64,256,1.2122588157653809,1.539435863494873,2.0497195720672607
3,12,6,256,256,1.1116917133331299,1.5609242916107178,2.536045789718628
3,12,6,1024,256,1.1039953231811523,1.826412320137024,3.0773379802703857
3,12,7,64,256,1.2901322841644287,1.6950232982635498,2.4629626274108887
3,12,7,256,256,1.2843235731124878,1.6701977252960205,2.242720127105713
3,12,7,1024,256,1.2731201648712158,1.6637440919876099,3.1461901664733887
3,12,8,64,256,1.1114740371704102,1.2729439735412598,2.312687873840332
3,12,8,256,256,1.1004952192306519,1.2584563493728638,1.352584958076477
3,12,8,1024,256,1.1058235168457031,1.2730538845062256,1.8088260889053345
3,12,9,64,256,1.2496339082717896,1.5992963314056396,3.4420113563537598
3,12,9,256,256,1.2377400398254395,1.5524834394454956,1.876238465309143
3,12,9,1024,256,1.2225109338760376,1.5516133308410645,1.8066531419754028
3,12,10,64,256,1.263665795326233,1.7337985038757324,4.640278339385986
3,12,10,256,256,1.2526671886444092,1.679687261581421,2.6154961585998535
3,12,10,1024,256,1.2353203296661377,1.6734023094177246,2.4927923679351807
3,12,11,64,256,1.2678306102752686,1.735599398612976,4.378561496734619
3,12,11,256,256,1.224764108657837,1.6203341484069824,1.9160135984420776
3,12,11,1024,256,1.2155189514160156,1.6328177452087402,2.0656521320343018
3,12,12,64,256,1.1448596715927124,1.2885245084762573,2.3144168853759766
3,12,12,256,256,1.138088345527649,1.2699252367019653,1.3485636711120605
3,12,12,1024,256,1.1411168575286865,1.2985243797302246,2.1393136978149414
3,12,13,64,256,1.2626676559448242,1.6691995859146118,2.5009827613830566
3,12,13,256,256,1.26581609249115,1.612785816192627,2.0660974979400635
3,12,13,1024,256,1.255639672279358,1.6635856628417969,3.570101499557495
3,18,0,64,256,1.2652441263198853,2.0714542865753174,3.9197351932525635
3,18,0,256,256,1.643317461013794,4.285063743591309,12.051246643066406
3,18,0,1024,256,1.776379108428955,5.449179172515869,8.831094741821289
3,18,1,64,256,1.2585959434509277,2.1839566230773926,3.3607394695281982
3,18,1,256,256,1.892789602279663,6.194609642028809,9.40802001953125
3,18,1,1024,256,1.9827089309692383,5.73861026763916,16.43105697631836
3,18,2,64,256,1.1565885543823242,1.545820713043213,5.094851493835449
3,18,2,256,256,1.334564447402954,3.165271520614624,9.06026554107666
3,18,2,1024,256,1.2613580226898193,2.423496961593628,9.46135425567627
3,18,3,64,256,1.1256643533706665,1.4764418601989746,8.34172534942627
3,18,3,256,256,1.4632514715194702,4.172029495239258,10.926487922668457
3,18,3,1024,256,1.2493009567260742,2.0819404125213623,7.059806823730469
3,18,4,64,256,1.3466230630874634,2.0265755653381348,4.028710842132568
3,18,4,256,256,2.1200175285339355,8.208629608154297,15.407021522521973
3,18,4,1024,256,1.646532654762268,4.3023295402526855,9.362689018249512
3,18,5,64,256,1.2596590518951416,2.3204193115234375,2.813516616821289
3,18,5,256,256,2.4002609252929688,8.263401985168457,12.033584594726562
3,18,5,1024,256,2.0991220474243164,6.455424785614014,13.054248809814453
3,18,6,64,256,1.244246006011963,1.8159558773040771,4.265765190124512
3,18,6,256,256,1.698188066482544,5.112197399139404,12.754673957824707
3,18,6,1024,256,1.3608222007751465,2.829202890396118,8.92180061340332
3,18,7,64,256,1.2376823425292969,2.7263898849487305,6.81512451171875
3,18,7,256,256,0.9794838428497314,1.2108547687530518,1.9833354949951172
3,18,7,1024,256,1.0792126655578613,1.6995598077774048,5.799086093902588
3,18,8,64,256,1.3213087320327759,3.1276164054870605,6.920934200286865
3,18,8,256,256,0.934621274471283,1.1884472370147705,1.4564499855041504
3,18,8,1024,256,1.0420053005218506,1.7105427980422974,3.421262741088867
3,18,9,64,256,1.124037504196167,1.5971953868865967,3.8749663829803467
3,18,9,256,256,1.081432580947876,1.1702771186828613,2.814002513885498
3,18,9,1024,256,1.0442020893096924,1.285369634628296,3.1764261722564697
3,18,10,64,256,1.2526088953018188,2.623753070831299,5.530532360076904
3,18,10,256,256,1.0363023281097412,1.217789649963379,3.7367184162139893
3,18,10,1024,256,1.1066722869873047,1.6262856721878052,5.515743255615234
3,18,11,64,256,1.1924736499786377,1.8659597635269165,5.852189064025879
3,18,11,256,256,1.0456862449645996,1.1789236068725586,2.1360981464385986
3,18,11,1024,256,1.0862727165222168,1.4748358726501465,5.383001327514648
3,18,12,64,256,1.1316279172897339,1.761654019355774,4.222598552703857
3,18,12,256,256,1.0485923290252686,1.2233161926269531,1.3571975231170654
3,18,12,1024,256,1.0621764659881592,1.32427179813385,2.6819701194763184
3,18,13,64,256,1.5179603099822998,4.26492977142334,6.62208366394043
3,18,13,256,256,0.9827427268028259,1.3268409967422485,1.7166147232055664
3,18,13,1024,256,1.0852593183517456,1.973738670349121,7.69832181930542
3,23,0,64,256,2.219050884246826,2.875749111175537,3.449361801147461
3,23,0,256,256,1.6618547439575195,2.570389986038208,2.9148080348968506
3,23,0,1024,256,1.6221922636032104,2.8510665893554688,3.439058303833008
3,23,1,64,256,1.2201831340789795,1.7516489028930664,2.195324420928955
3,23,1,256,256,1.1084975004196167,1.5760059356689453,2.144188404083252
3,23,1,1024,256,1.123962163925171,1.574873924255371,2.2507660388946533
3,23,2,64,256,1.959557294845581,2.633923053741455,3.834156036376953
3,23,2,256,256,1.3389803171157837,2.271479845046997,3.1835718154907227
3,23,2,1024,256,1.2284605503082275,2.553694009780884,3.343512535095215
3,23,3,64,256,2.1762988567352295,2.824456214904785,3.7220189571380615
3,23,3,256,256,1.1504426002502441,2.121476173400879,2.7409090995788574
3,23,3,1024,256,1.2489495277404785,2.3079049587249756,3.17875337600708
3,23,4,64,256,1.5057135820388794,2.468761444091797,3.0725362300872803
3,23,4,256,256,1.081634521484375,1.5910727977752686,1.8678216934204102
3,23,4,1024,256,1.1434310674667358,1.9822185039520264,3.0529417991638184
3,23,5,64,256,1.2008962631225586,2.0068695545196533,3.4834861755371094
3,23,5,256,256,1.0563511848449707,2.031435012817383,3.803727388381958
3,23,5,1024,256,0.8269286155700684,1.855006217956543,3.1887638568878174
3,23,6,64,256,1.8684316873550415,2.659848928451538,3.583238124847412
3,23,6,256,256,1.2002389430999756,1.8623745441436768,2.834385871887207
3,23,6,1024,256,1.178627610206604,2.2894630432128906,3.1089212894439697
3,23,7,64,256,1.8098490238189697,3.3832616806030273,6.18358850479126
3,23,7,256,256,1.3362528085708618,2.7020959854125977,6.490306377410889
3,23,7,1024,256,1.7780983448028564,3.736091136932373,6.5911078453063965
3,23,8,64,256,1.4976285696029663,2.4529385566711426,3.948129892349243
3,23,8,256,256,1.5822747945785522,2.9617950916290283,4.6501240730285645
3,23,8,1024,256,1.2343881130218506,2.28891658782959,3.022040843963623
3,23,9,64,256,1.3148434162139893,2.2909131050109863,3.929938793182373
3,23,9,256,256,1.506656527519226,3.174797296524048,5.276515007019043
3,23,9,1024,256,1.7888654470443726,4.13594913482666,6.135922908782959
3,23,10,64,256,1.2448492050170898,2.0577197074890137,2.9318947792053223
3,23,10,256,256,1.2202227115631104,2.3021860122680664,4.376443386077881
3,23,10,1024,256,1.4546208381652832,2.8566815853118896,4.8166046142578125
3,23,11,64,256,1.459777593612671,2.550935745239258,4.423244953155518
3,23,11,256,256,1.4549612998962402,3.241701602935791,4.4231977462768555
3,23,11,1024,256,1.463007926940918,3.171186923980713,4.318723678588867
3,23,12,64,256,1.561355710029602,2.8361518383026123,4.143288612365723
3,23,12,256,256,1.4200644493103027,3.2020063400268555,6.152475357055664
3,23,12,1024,256,1.5488511323928833,3.7840147018432617,5.09041690826416
3,23,13,64,256,2.6808667182922363,5.369932651519775,6.764317989349365
3,23,13,256,256,1.2899795770645142,2.685131072998047,4.4016432762146
3,23,13,1024,256,1.3635783195495605,2.6278929710388184,4.661252021789551
