mode,tol,N,scope,method,finite_output,median_ms,q25_ms,q75_ms,min_ms,reps,warmup,wall_call_ms,peak_extra_mb,peak_total_mb,status
baseline,0.1,1024,transformer_hidden_state_prefill,baseline,True,48.73481750488281,48.71775817871094,48.77900695800781,48.63520050048828,5,1,48.586023999973804,35.7578125,2192.416015625,ok
baseline,0.1,2048,transformer_hidden_state_prefill,baseline,True,105.32659149169922,105.2221450805664,105.60844421386719,104.63276672363281,5,1,106.22694300002422,74.515625,2231.181640625,ok
baseline,0.1,4096,transformer_hidden_state_prefill,baseline,True,227.33062744140625,227.0552978515625,228.0160675048828,226.79574584960938,5,1,226.50429699996266,143.03125,2299.712890625,ok
baseline,0.1,8192,transformer_hidden_state_prefill,baseline,True,555.0448608398438,554.4489135742188,557.017333984375,553.0439453125,5,1,554.883416999985,286.0625,2442.775390625,ok
original,0.1,1024,transformer_hidden_state_prefill,original,True,493.7543640136719,492.641357421875,499.5373840332031,492.3275146484375,5,1,504.1787119999981,210.9794921875,2367.6376953125,ok
original,0.1,2048,transformer_hidden_state_prefill,original,True,1105.9931640625,1104.2339477539062,1107.4306030273438,1102.4747314453125,3,0,1105.0964259999887,533.68359375,2690.349609375,ok
original,0.1,4096,transformer_hidden_state_prefill,original,True,2810.79150390625,2801.5673828125,2814.9686279296875,2792.34326171875,3,0,2825.373152999987,1965.19921875,4121.880859375,ok
original,0.1,8192,transformer_hidden_state_prefill,original,True,8587.9228515625,8563.64404296875,8606.73388671875,8539.365234375,3,0,8718.33475400001,7546.23046875,9702.943359375,ok
oneshot,0.1,1024,transformer_hidden_state_prefill,oneshot,True,441.4735107421875,437.6093444824219,444.39337158203125,432.7833251953125,5,1,444.1895209999984,147.92431640625,2304.58251953125,ok
oneshot,0.1,2048,transformer_hidden_state_prefill,oneshot,True,792.2704467773438,790.1504516601562,797.9865112304688,789.9482421875,5,1,807.8165719999788,295.73681640625,2452.40283203125,ok
oneshot,0.1,4096,transformer_hidden_state_prefill,oneshot,True,1401.1021728515625,1398.3865966796875,1404.2265014648438,1395.6710205078125,3,0,1409.9900030000754,591.36181640625,2748.04345703125,ok
oneshot,0.1,8192,transformer_hidden_state_prefill,oneshot,True,2460.557373046875,2457.8887939453125,2470.486572265625,2455.22021484375,3,0,2502.241798,750.42431640625,2907.13720703125,ok
oneshot,0.2,1024,transformer_hidden_state_prefill,oneshot,True,428.8238220214844,426.17352294921875,429.45330810546875,425.2195739746094,5,1,428.6305130000301,147.92431640625,2304.58251953125,ok
oneshot,0.2,2048,transformer_hidden_state_prefill,oneshot,True,804.506103515625,799.7442016601562,807.6060180664062,790.3583984375,5,1,835.9808619999285,295.73681640625,2452.40283203125,ok
oneshot,0.2,4096,transformer_hidden_state_prefill,oneshot,True,1400.5062255859375,1398.7418823242188,1417.6857299804688,1396.9775390625,3,0,1403.8909259999173,591.36181640625,2748.04345703125,ok
oneshot,0.2,8192,transformer_hidden_state_prefill,oneshot,True,2504.28662109375,2492.0755615234375,2512.5224609375,2479.864501953125,3,0,2511.9764119999672,750.42431640625,2907.13720703125,ok
oneshot,0.4,1024,transformer_hidden_state_prefill,oneshot,True,429.56689453125,426.9664611816406,430.74310302734375,426.89013671875,5,1,437.20954100001563,147.92431640625,2304.58251953125,ok
oneshot,0.4,2048,transformer_hidden_state_prefill,oneshot,True,808.95703125,806.257080078125,811.7726440429688,805.021484375,5,1,824.1136660000166,295.73681640625,2452.40283203125,ok
oneshot,0.4,4096,transformer_hidden_state_prefill,oneshot,True,1414.8897705078125,1399.2068481445312,1423.3217163085938,1383.52392578125,3,0,1399.0043790000755,591.36181640625,2748.04345703125,ok
oneshot,0.4,8192,transformer_hidden_state_prefill,oneshot,True,2521.880615234375,2510.493408203125,2527.67333984375,2499.106201171875,3,0,2579.322843,750.42431640625,2907.13720703125,ok
cached,0.1,1024,transformer_hidden_state_prefill,cached,True,66.81430053710938,66.45661163330078,66.86131286621094,66.10594940185547,5,1,66.55470700002297,35.7578125,2192.427734375,ok
cached,0.1,2048,transformer_hidden_state_prefill,cached,True,143.37020874023438,142.99136352539062,143.39686584472656,142.497314453125,5,1,143.36906699998053,74.515625,2231.193359375,ok
cached,0.1,4096,transformer_hidden_state_prefill,cached,True,302.88079833984375,301.1769714355469,303.2209777832031,301.1625061035156,5,1,305.43498199995156,143.03125,2299.724609375,ok
cached,0.1,8192,transformer_hidden_state_prefill,cached,True,735.0366821289062,734.83642578125,737.7572631835938,733.49755859375,5,1,728.1092599999965,286.0625,2442.787109375,ok
cached,0.2,1024,transformer_hidden_state_prefill,cached,True,67.47955322265625,67.40585327148438,68.30489349365234,67.11510467529297,5,1,65.87506400001075,35.7578125,2192.427734375,ok
cached,0.2,2048,transformer_hidden_state_prefill,cached,True,141.18727111816406,140.31292724609375,145.69786071777344,139.4757080078125,5,1,141.46326000002318,74.515625,2231.193359375,ok
cached,0.2,4096,transformer_hidden_state_prefill,cached,True,305.4432678222656,303.6578369140625,305.8444519042969,303.41851806640625,5,1,305.32588599999144,143.03125,2299.724609375,ok
cached,0.2,8192,transformer_hidden_state_prefill,cached,True,742.930419921875,741.7969970703125,744.8267822265625,738.2422485351562,5,1,739.8640090000299,286.0625,2442.787109375,ok
cached,0.4,1024,transformer_hidden_state_prefill,cached,True,71.40930938720703,71.27238464355469,71.51753234863281,70.9896011352539,5,1,73.62109100006364,35.7578125,2192.427734375,ok
cached,0.4,2048,transformer_hidden_state_prefill,cached,True,146.8888702392578,146.24969482421875,147.66761779785156,145.66213989257812,5,1,145.3313590000107,74.515625,2231.193359375,ok
cached,0.4,4096,transformer_hidden_state_prefill,cached,True,311.531494140625,309.4985656738281,315.0663757324219,308.3222351074219,5,1,307.54484599992793,143.03125,2299.724609375,ok
cached,0.4,8192,transformer_hidden_state_prefill,cached,True,748.5208740234375,747.1531982421875,753.681396484375,743.704833984375,5,1,745.962115999987,286.0625,2442.787109375,ok
