mode,tol,window,ctx,tokens_scored,nll_sum,status,windows,nonfinite_windows,nll_per_token,perplexity
baseline,0.1,0,2048,2047,6029.1591796875,ok,,,,
baseline,0.1,1,2048,2047,5794.66064453125,ok,,,,
baseline,0.1,2,2048,2047,5077.85888671875,ok,,,,
baseline,0.1,3,2048,2047,4325.19921875,ok,,,,
baseline,0.1,4,2048,2047,3813.53662109375,ok,,,,
baseline,0.1,5,2048,2047,4974.08984375,ok,,,,
baseline,0.1,6,2048,2047,5435.236328125,ok,,,,
baseline,0.1,7,2048,2047,5549.203125,ok,,,,
baseline,0.1,8,2048,2047,5155.97705078125,ok,,,,
baseline,0.1,9,2048,2047,5327.39111328125,ok,,,,
baseline,0.1,10,2048,2047,5043.79345703125,ok,,,,
baseline,0.1,11,2048,2047,5467.6064453125,ok,,,,
baseline,0.1,12,2048,2047,5371.31005859375,ok,,,,
baseline,0.1,13,2048,2047,5636.11376953125,ok,,,,
baseline,0.1,14,2048,2047,5885.50048828125,ok,,,,
baseline,0.1,15,2048,2047,5485.0517578125,ok,,,,
baseline,0.1,aggregate,2048,32752,84371.68798828125,ok,16,0,2.576077430028128,13.14547285842414
original,0.1,0,2048,2047,6029.24609375,ok,,,,
original,0.1,1,2048,2047,5795.49609375,ok,,,,
original,0.1,2,2048,2047,5077.51171875,ok,,,,
original,0.1,3,2048,2047,4325.70166015625,ok,,,,
original,0.1,4,2048,2047,3812.80126953125,ok,,,,
original,0.1,5,2048,2047,4973.91845703125,ok,,,,
original,0.1,6,2048,2047,5433.71533203125,ok,,,,
original,0.1,7,2048,2047,5549.45703125,ok,,,,
original,0.1,8,2048,2047,5156.984375,ok,,,,
original,0.1,9,2048,2047,5327.5595703125,ok,,,,
original,0.1,10,2048,2047,5043.9052734375,ok,,,,
original,0.1,11,2048,2047,5467.77001953125,ok,,,,
original,0.1,12,2048,2047,5370.9296875,ok,,,,
original,0.1,13,2048,2047,5635.48388671875,ok,,,,
original,0.1,14,2048,2047,5884.98095703125,ok,,,,
original,0.1,15,2048,2047,5488.12890625,ok,,,,
original,0.1,aggregate,2048,32752,84373.59033203125,ok,16,0,2.576135513313118,13.146236412845166
oneshot,0.1,0,2048,2047,6029.25,ok,,,,
oneshot,0.1,1,2048,2047,5795.662109375,ok,,,,
oneshot,0.1,2,2048,2047,5078.22265625,ok,,,,
oneshot,0.1,3,2048,2047,4325.6611328125,ok,,,,
oneshot,0.1,4,2048,2047,3813.343505859375,ok,,,,
oneshot,0.1,5,2048,2047,4974.189453125,ok,,,,
oneshot,0.1,6,2048,2047,5433.7939453125,ok,,,,
oneshot,0.1,7,2048,2047,5549.576171875,ok,,,,
oneshot,0.1,8,2048,2047,5156.84765625,ok,,,,
oneshot,0.1,9,2048,2047,5327.90087890625,ok,,,,
oneshot,0.1,10,2048,2047,5044.33984375,ok,,,,
oneshot,0.1,11,2048,2047,5467.759765625,ok,,,,
oneshot,0.1,12,2048,2047,5370.8935546875,ok,,,,
oneshot,0.1,13,2048,2047,5634.7255859375,ok,,,,
oneshot,0.1,14,2048,2047,5884.8408203125,ok,,,,
oneshot,0.1,15,2048,2047,5488.26171875,ok,,,,
oneshot,0.1,aggregate,2048,32752,84375.26879882812,ok,16,0,2.576186761078045,13.146910145342018
oneshot,0.2,0,2048,2047,6038.7236328125,ok,,,,
oneshot,0.2,1,2048,2047,5804.0166015625,ok,,,,
oneshot,0.2,2,2048,2047,5083.125,ok,,,,
oneshot,0.2,3,2048,2047,4327.0009765625,ok,,,,
oneshot,0.2,4,2048,2047,3824.141357421875,ok,,,,
oneshot,0.2,5,2048,2047,4975.61328125,ok,,,,
oneshot,0.2,6,2048,2047,5441.14697265625,ok,,,,
oneshot,0.2,7,2048,2047,5561.84375,ok,,,,
oneshot,0.2,8,2048,2047,5155.984375,ok,,,,
oneshot,0.2,9,2048,2047,5335.3828125,ok,,,,
oneshot,0.2,10,2048,2047,5045.0419921875,ok,,,,
oneshot,0.2,11,2048,2047,5469.21337890625,ok,,,,
oneshot,0.2,12,2048,2047,5375.9296875,ok,,,,
oneshot,0.2,13,2048,2047,5635.609375,ok,,,,
oneshot,0.2,14,2048,2047,5884.6064453125,ok,,,,
oneshot,0.2,15,2048,2047,5500.87451171875,ok,,,,
oneshot,0.2,aggregate,2048,32752,84458.25415039062,ok,16,0,2.578720510209777,13.18026335399583
oneshot,0.4,0,2048,2047,6104.8125,ok,,,,
oneshot,0.4,1,2048,2047,5855.32958984375,ok,,,,
oneshot,0.4,2,2048,2047,5143.51953125,ok,,,,
oneshot,0.4,3,2048,2047,4439.8125,ok,,,,
oneshot,0.4,4,2048,2047,3937.26416015625,ok,,,,
oneshot,0.4,5,2048,2047,5069.5322265625,ok,,,,
oneshot,0.4,6,2048,2047,5534.84765625,ok,,,,
oneshot,0.4,7,2048,2047,5714.31201171875,ok,,,,
oneshot,0.4,8,2048,2047,5264.376953125,ok,,,,
oneshot,0.4,9,2048,2047,5444.49072265625,ok,,,,
oneshot,0.4,10,2048,2047,5140.42529296875,ok,,,,
oneshot,0.4,11,2048,2047,5521.974609375,ok,,,,
oneshot,0.4,12,2048,2047,5459.47216796875,ok,,,,
oneshot,0.4,13,2048,2047,5740.8193359375,ok,,,,
oneshot,0.4,14,2048,2047,5956.4638671875,ok,,,,
oneshot,0.4,15,2048,2047,5618.97705078125,ok,,,,
oneshot,0.4,aggregate,2048,32752,85946.43017578125,ok,16,0,2.624158224712422,13.792958726151161
cached,0.1,0,2048,2047,6029.1591796875,ok,,,,
cached,0.1,1,2048,2047,5794.66064453125,ok,,,,
cached,0.1,2,2048,2047,5077.85888671875,ok,,,,
cached,0.1,3,2048,2047,4325.19921875,ok,,,,
cached,0.1,4,2048,2047,3813.53662109375,ok,,,,
cached,0.1,5,2048,2047,4974.08984375,ok,,,,
cached,0.1,6,2048,2047,5435.236328125,ok,,,,
cached,0.1,7,2048,2047,5549.203125,ok,,,,
cached,0.1,8,2048,2047,5155.97705078125,ok,,,,
cached,0.1,9,2048,2047,5327.39111328125,ok,,,,
cached,0.1,10,2048,2047,5043.79345703125,ok,,,,
cached,0.1,11,2048,2047,5467.6064453125,ok,,,,
cached,0.1,12,2048,2047,5371.31005859375,ok,,,,
cached,0.1,13,2048,2047,5636.11376953125,ok,,,,
cached,0.1,14,2048,2047,5885.50048828125,ok,,,,
cached,0.1,15,2048,2047,5485.0517578125,ok,,,,
cached,0.1,aggregate,2048,32752,84371.68798828125,ok,16,0,2.576077430028128,13.14547285842414
cached,0.2,0,2048,2047,6029.45556640625,ok,,,,
cached,0.2,1,2048,2047,5796.126953125,ok,,,,
cached,0.2,2,2048,2047,5077.787109375,ok,,,,
cached,0.2,3,2048,2047,4324.1474609375,ok,,,,
cached,0.2,4,2048,2047,3814.13623046875,ok,,,,
cached,0.2,5,2048,2047,4974.5380859375,ok,,,,
cached,0.2,6,2048,2047,5435.91796875,ok,,,,
cached,0.2,7,2048,2047,5549.8720703125,ok,,,,
cached,0.2,8,2048,2047,5156.35400390625,ok,,,,
cached,0.2,9,2048,2047,5327.6796875,ok,,,,
cached,0.2,10,2048,2047,5043.6416015625,ok,,,,
cached,0.2,11,2048,2047,5468.47412109375,ok,,,,
cached,0.2,12,2048,2047,5371.0478515625,ok,,,,
cached,0.2,13,2048,2047,5635.884765625,ok,,,,
cached,0.2,14,2048,2047,5884.96875,ok,,,,
cached,0.2,15,2048,2047,5484.6865234375,ok,,,,
cached,0.2,aggregate,2048,32752,84374.71875,ok,16,0,2.5761699667195894,13.14668935327449
cached,0.4,0,2048,2047,6079.1201171875,ok,,,,
cached,0.4,1,2048,2047,5836.6337890625,ok,,,,
cached,0.4,2,2048,2047,5134.80859375,ok,,,,
cached,0.4,3,2048,2047,4412.8603515625,ok,,,,
cached,0.4,4,2048,2047,3909.084228515625,ok,,,,
cached,0.4,5,2048,2047,5060.77392578125,ok,,,,
cached,0.4,6,2048,2047,5510.8466796875,ok,,,,
cached,0.4,7,2048,2047,5651.53369140625,ok,,,,
cached,0.4,8,2048,2047,5234.4736328125,ok,,,,
cached,0.4,9,2048,2047,5383.853515625,ok,,,,
cached,0.4,10,2048,2047,5114.25146484375,ok,,,,
cached,0.4,11,2048,2047,5598.759765625,ok,,,,
cached,0.4,12,2048,2047,5461.3544921875,ok,,,,
cached,0.4,13,2048,2047,5752.3994140625,ok,,,,
cached,0.4,14,2048,2047,5966.6748046875,ok,,,,
cached,0.4,15,2048,2047,5574.42041015625,ok,,,,
cached,0.4,aggregate,2048,32752,85681.84887695312,ok,16,0,2.6160798997604156,13.68198357369632
