N,method,dtype,beta,tol,trials,successes,accuracy,wilson95_lo,wilson95_hi,bootstrap95_lo,bootstrap95_hi,nonfinite_outputs,seed,per_trial_success,heads_rank64,heads_rank256,heads_rank1024,heads_exact,heads_tol_not_met
256,sdpa,fp32,16.0,,200,100,0.5,0.43136085960389187,0.5686391403961082,0.43,0.57,0,1234,00110010000000111100100111100111110101010001111110111101110011101000110000011000100110110100011100101111101001001011010010100011111010010101001110000111011100000101001001000000101110001110010101111010,,,,,
256,rf64,fp32,16.0,,200,3,0.015,0.005114237793258312,0.04316572879269027,0.0,0.035,0,1234,00000000000000000000000000000000100000000000000000000000000000000000000000010000000000000000000000000000000000000000000000000000000000000000000000000000000000000000000000000000000000000010000000000000,,,,,
256,rf256,fp32,16.0,,200,4,0.02,0.007804426416349469,0.05028708690582644,0.005,0.04,0,1234,00000000000000000000000000000000000000000000000000000000000000000000000000010000000000000000000000000010000000000000000000000000010000000000000000000000000000000000000000000000000000000010000000000000,,,,,
256,rf1024,fp32,16.0,,200,4,0.02,0.007804426416349469,0.05028708690582644,0.005,0.04,0,1234,00000000000000000000000000000000000000000000000000000000000000000000000000010000000000000000000000000011000000000000000000000000000000000000000000000000000000000000000000000000000000000010000000000000,,,,,
256,adaptive_rank,fp32,16.0,0.1,200,4,0.02,0.007804426416349469,0.05028708690582644,0.005,0.04,0,1234,00000000000000000000000000000000000000000000000000000000000000000000000000010000000000000000000000000011000000000000000000000000000000000000000000000000000000000000000000000000000000000010000000000000,0,0,200,0,200
256,adaptive_rank_fb,fp32,16.0,0.1,200,100,0.5,0.43136085960389187,0.5686391403961082,0.43,0.57,0,1234,00110010000000111100100111100111110101010001111110111101110011101000110000011000100110110100011100101111101001001011010010100011111010010101001110000111011100000101001001000000101110001110010101111010,0,0,0,200,0
256,sdpa,fp32,64.0,,200,200,1.0,0.9811546736227333,1.0,1.0,1.0,0,1234,11111111111111111111111111111111111111111111111111111111111111111111111111111111111111111111111111111111111111111111111111111111111111111111111111111111111111111111111111111111111111111111111111111111,,,,,
256,rf64,fp32,64.0,,200,3,0.015,0.005114237793258312,0.04316572879269027,0.0,0.035,0,1234,00000000000000000000000000000000100000000000000000000000000000000000000000010000000000000000000000000000000000000000000000000000000000000000000000000000000000000000000000000000000000000010000000000000,,,,,
256,rf256,fp32,64.0,,200,6,0.03,0.013820314340111344,0.06389429245451923,0.01,0.055,0,1234,00000000000000000000000000000000010000000000000000000000000000000000000000010000100000000000000000000010000000000000000000000000010000000000000000000000000000000000000000000000000000000010000000000000,,,,,
256,rf1024,fp32,64.0,,200,5,0.025,0.010724719651761264,0.05717834040664198,0.005,0.05,0,1234,00000000000000000000000000000000000000000000000000000000000000000000000000010000000000000000000000100011000000000000000000000000000000000000000000000000000000000000000000000000000000000010000000000000,,,,,
256,adaptive_rank,fp32,64.0,0.1,200,5,0.025,0.010724719651761264,0.05717834040664198,0.005,0.05,0,1234,00000000000000000000000000000000000000000000000000000000000000000000000000010000000000000000000000100011000000000000000000000000000000000000000000000000000000000000000000000000000000000010000000000000,0,0,200,0,200
256,adaptive_rank_fb,fp32,64.0,0.1,200,200,1.0,0.9811546736227333,1.0,1.0,1.0,0,1234,11111111111111111111111111111111111111111111111111111111111111111111111111111111111111111111111111111111111111111111111111111111111111111111111111111111111111111111111111111111111111111111111111111111,0,0,0,200,0
256,sdpa,fp32,256.0,,200,200,1.0,0.9811546736227333,1.0,1.0,1.0,0,1234,11111111111111111111111111111111111111111111111111111111111111111111111111111111111111111111111111111111111111111111111111111111111111111111111111111111111111111111111111111111111111111111111111111111,,,,,
256,rf64,fp32,256.0,,200,3,0.015,0.005114237793258312,0.04316572879269027,0.0,0.035,0,1234,00000000000000000000000000000000100000000000000000000000000000000000000000010000000000000000000000000000000000000000000000000000000000000000000000000000000000000000000000000000000000000010000000000000,,,,,
256,rf256,fp32,256.0,,200,7,0.035,0.017055542008567195,0.07047061152229074,0.01,0.065,0,1234,00000010000000000000000000000000010000000000000000000000000000000000000000010000100000000000000000000010000000000000000000000000010000000000000000000000000000000000000000000000000000000010000000000000,,,,,
256,rf1024,fp32,256.0,,200,5,0.025,0.010724719651761264,0.05717834040664198,0.005,0.05,0,1234,00000000000000000000000000000000000000000000000000000000000000000000000000010000000000000000000000100011000000000000000000000000000000000000000000000000000000000000000000000000000000000010000000000000,,,,,
256,adaptive_rank,fp32,256.0,0.1,200,5,0.025,0.010724719651761264,0.05717834040664198,0.005,0.05,0,1234,00000000000000000000000000000000000000000000000000000000000000000000000000010000000000000000000000100011000000000000000000000000000000000000000000000000000000000000000000000000000000000010000000000000,0,0,200,0,200
256,adaptive_rank_fb,fp32,256.0,0.1,200,200,1.0,0.9811546736227333,1.0,1.0,1.0,0,1234,11111111111111111111111111111111111111111111111111111111111111111111111111111111111111111111111111111111111111111111111111111111111111111111111111111111111111111111111111111111111111111111111111111111,0,0,0,200,0
256,sdpa,fp16,16.0,,200,100,0.5,0.43136085960389187,0.5686391403961082,0.43,0.57,0,1234,00110010000000111100100111100111110101010001111110111101110011101000110000011000100110110100011100101111101001001011010010100011111010010101001110000111011100000101001001000000101110001110010101111010,,,,,
256,rf64,fp16,16.0,,200,3,0.015,0.005114237793258312,0.04316572879269027,0.0,0.035,0,1234,00000000000000000000000000000000100000000000000000000000000000000000000000010000000000000000000000000000000000000000000000000000000000000000000000000000000000000000000000000000000000000010000000000000,,,,,
256,rf256,fp16,16.0,,200,4,0.02,0.007804426416349469,0.05028708690582644,0.005,0.04,0,1234,00000000000000000000000000000000000000000000000000000000000000000000000000010000000000000000000000000010000000000000000000000000010000000000000000000000000000000000000000000000000000000010000000000000,,,,,
256,rf1024,fp16,16.0,,200,4,0.02,0.007804426416349469,0.05028708690582644,0.005,0.04,0,1234,00000000000000000000000000000000000000000000000000000000000000000000000000010000000000000000000000000011000000000000000000000000000000000000000000000000000000000000000000000000000000000010000000000000,,,,,
256,adaptive_rank,fp16,16.0,0.1,200,4,0.02,0.007804426416349469,0.05028708690582644,0.005,0.04,0,1234,00000000000000000000000000000000000000000000000000000000000000000000000000010000000000000000000000000011000000000000000000000000000000000000000000000000000000000000000000000000000000000010000000000000,0,0,200,0,200
256,adaptive_rank_fb,fp16,16.0,0.1,200,100,0.5,0.43136085960389187,0.5686391403961082,0.43,0.57,0,1234,00110010000000111100100111100111110101010001111110111101110011101000110000011000100110110100011100101111101001001011010010100011111010010101001110000111011100000101001001000000101110001110010101111010,0,0,0,200,0
256,sdpa,fp16,64.0,,200,200,1.0,0.9811546736227333,1.0,1.0,1.0,0,1234,11111111111111111111111111111111111111111111111111111111111111111111111111111111111111111111111111111111111111111111111111111111111111111111111111111111111111111111111111111111111111111111111111111111,,,,,
256,rf64,fp16,64.0,,200,3,0.015,0.005114237793258312,0.04316572879269027,0.0,0.035,0,1234,00000000000000000000000000000000100000000000000000000000000000000000000000010000000000000000000000000000000000000000000000000000000000000000000000000000000000000000000000000000000000000010000000000000,,,,,
256,rf256,fp16,64.0,,200,6,0.03,0.013820314340111344,0.06389429245451923,0.01,0.055,0,1234,00000000000000000000000000000000010000000000000000000000000000000000000000010000100000000000000000000010000000000000000000000000010000000000000000000000000000000000000000000000000000000010000000000000,,,,,
256,rf1024,fp16,64.0,,200,5,0.025,0.010724719651761264,0.05717834040664198,0.005,0.05,0,1234,00000000000000000000000000000000000000000000000000000000000000000000000000010000000000000000000000100011000000000000000000000000000000000000000000000000000000000000000000000000000000000010000000000000,,,,,
256,adaptive_rank,fp16,64.0,0.1,200,5,0.025,0.010724719651761264,0.05717834040664198,0.005,0.05,0,1234,00000000000000000000000000000000000000000000000000000000000000000000000000010000000000000000000000100011000000000000000000000000000000000000000000000000000000000000000000000000000000000010000000000000,0,0,200,0,200
256,adaptive_rank_fb,fp16,64.0,0.1,200,200,1.0,0.9811546736227333,1.0,1.0,1.0,0,1234,11111111111111111111111111111111111111111111111111111111111111111111111111111111111111111111111111111111111111111111111111111111111111111111111111111111111111111111111111111111111111111111111111111111,0,0,0,200,0
256,sdpa,fp16,256.0,,200,200,1.0,0.9811546736227333,1.0,1.0,1.0,0,1234,11111111111111111111111111111111111111111111111111111111111111111111111111111111111111111111111111111111111111111111111111111111111111111111111111111111111111111111111111111111111111111111111111111111,,,,,
256,rf64,fp16,256.0,,200,3,0.015,0.005114237793258312,0.04316572879269027,0.0,0.035,0,1234,00000000000000000000000000000000100000000000000000000000000000000000000000010000000000000000000000000000000000000000000000000000000000000000000000000000000000000000000000000000000000000010000000000000,,,,,
256,rf256,fp16,256.0,,200,7,0.035,0.017055542008567195,0.07047061152229074,0.01,0.065,0,1234,00000010000000000000000000000000010000000000000000000000000000000000000000010000100000000000000000000010000000000000000000000000010000000000000000000000000000000000000000000000000000000010000000000000,,,,,
256,rf1024,fp16,256.0,,200,5,0.025,0.010724719651761264,0.05717834040664198,0.005,0.05,0,1234,00000000000000000000000000000000000000000000000000000000000000000000000000010000000000000000000000100011000000000000000000000000000000000000000000000000000000000000000000000000000000000010000000000000,,,,,
256,adaptive_rank,fp16,256.0,0.1,200,5,0.025,0.010724719651761264,0.05717834040664198,0.005,0.05,0,1234,00000000000000000000000000000000000000000000000000000000000000000000000000010000000000000000000000100011000000000000000000000000000000000000000000000000000000000000000000000000000000000010000000000000,0,0,200,0,200
256,adaptive_rank_fb,fp16,256.0,0.1,200,200,1.0,0.9811546736227333,1.0,1.0,1.0,0,1234,11111111111111111111111111111111111111111111111111111111111111111111111111111111111111111111111111111111111111111111111111111111111111111111111111111111111111111111111111111111111111111111111111111111,0,0,0,200,0
1024,sdpa,fp32,16.0,,200,10,0.05,0.027382645600763932,0.08957814813877599,0.02,0.08,0,1234,00000000000100000000000000000000000000000000000000000000000000000000000000000000000000000000011000000000000000000010000000000000100000000000000000000000100000100101000000000000100000000000000000000000,,,,,
1024,rf64,fp32,16.0,,200,1,0.005,0.0008831687156009805,0.02777370439789293,0.0,0.015,0,1234,00000000000000000000000000000000000000000000000000000000000000000000000000000000000000000000001000000000000000000000000000000000000000000000000000000000000000000000000000000000000000000000000000000000,,,,,
1024,rf256,fp32,16.0,,200,1,0.005,0.0008831687156009805,0.02777370439789293,0.0,0.015,0,1234,00000000000000000000000000000000000000000000000000000000000000000000000000000000000000000000001000000000000000000000000000000000000000000000000000000000000000000000000000000000000000000000000000000000,,,,,
1024,rf1024,fp32,16.0,,200,1,0.005,0.0008831687156009805,0.02777370439789293,0.0,0.015,0,1234,00000000000000000000000000000000000000000000000000000000000000000000000000000000000000000000001000000000000000000000000000000000000000000000000000000000000000000000000000000000000000000000000000000000,,,,,
1024,adaptive_rank,fp32,16.0,0.1,200,1,0.005,0.0008831687156009805,0.02777370439789293,0.0,0.015,0,1234,00000000000000000000000000000000000000000000000000000000000000000000000000000000000000000000001000000000000000000000000000000000000000000000000000000000000000000000000000000000000000000000000000000000,0,0,200,0,200
1024,adaptive_rank_fb,fp32,16.0,0.1,200,10,0.05,0.027382645600763932,0.08957814813877599,0.02,0.08,0,1234,00000000000100000000000000000000000000000000000000000000000000000000000000000000000000000000011000000000000000000010000000000000100000000000000000000000100000100101000000000000100000000000000000000000,0,0,0,200,0
1024,sdpa,fp32,64.0,,200,200,1.0,0.9811546736227333,1.0,1.0,1.0,0,1234,11111111111111111111111111111111111111111111111111111111111111111111111111111111111111111111111111111111111111111111111111111111111111111111111111111111111111111111111111111111111111111111111111111111,,,,,
1024,rf64,fp32,64.0,,200,1,0.005,0.0008831687156009805,0.02777370439789293,0.0,0.015,0,1234,00000000000000000000000000000000000000000000000000000000000000000000000000000000000000000000001000000000000000000000000000000000000000000000000000000000000000000000000000000000000000000000000000000000,,,,,
1024,rf256,fp32,64.0,,200,1,0.005,0.0008831687156009805,0.02777370439789293,0.0,0.015,0,1234,00000000000000000000000000000000000000000000000000000000000000000000000000000000000000000000001000000000000000000000000000000000000000000000000000000000000000000000000000000000000000000000000000000000,,,,,
1024,rf1024,fp32,64.0,,200,1,0.005,0.0008831687156009805,0.02777370439789293,0.0,0.015,0,1234,00000000000000000000000000000000000000000000000000000000000000000000000000000000000000000000001000000000000000000000000000000000000000000000000000000000000000000000000000000000000000000000000000000000,,,,,
1024,adaptive_rank,fp32,64.0,0.1,200,1,0.005,0.0008831687156009805,0.02777370439789293,0.0,0.015,0,1234,00000000000000000000000000000000000000000000000000000000000000000000000000000000000000000000001000000000000000000000000000000000000000000000000000000000000000000000000000000000000000000000000000000000,0,0,200,0,200
1024,adaptive_rank_fb,fp32,64.0,0.1,200,200,1.0,0.9811546736227333,1.0,1.0,1.0,0,1234,11111111111111111111111111111111111111111111111111111111111111111111111111111111111111111111111111111111111111111111111111111111111111111111111111111111111111111111111111111111111111111111111111111111,0,0,0,200,0
1024,sdpa,fp32,256.0,,200,200,1.0,0.9811546736227333,1.0,1.0,1.0,0,1234,11111111111111111111111111111111111111111111111111111111111111111111111111111111111111111111111111111111111111111111111111111111111111111111111111111111111111111111111111111111111111111111111111111111,,,,,
1024,rf64,fp32,256.0,,200,1,0.005,0.0008831687156009805,0.02777370439789293,0.0,0.015,0,1234,00000000000000000000000000000000000000000000000000000000000000000000000000000000000000000000001000000000000000000000000000000000000000000000000000000000000000000000000000000000000000000000000000000000,,,,,
1024,rf256,fp32,256.0,,200,1,0.005,0.0008831687156009805,0.02777370439789293,0.0,0.015,0,1234,00000000000000000000000000000000000000000000000000000000000000000000000000000000000000000000001000000000000000000000000000000000000000000000000000000000000000000000000000000000000000000000000000000000,,,,,
1024,rf1024,fp32,256.0,,200,1,0.005,0.0008831687156009805,0.02777370439789293,0.0,0.015,0,1234,00000000000000000000000000000000000000000000000000000000000000000000000000000000000000000000001000000000000000000000000000000000000000000000000000000000000000000000000000000000000000000000000000000000,,,,,
1024,adaptive_rank,fp32,256.0,0.1,200,1,0.005,0.0008831687156009805,0.02777370439789293,0.0,0.015,0,1234,00000000000000000000000000000000000000000000000000000000000000000000000000000000000000000000001000000000000000000000000000000000000000000000000000000000000000000000000000000000000000000000000000000000,0,0,200,0,200
1024,adaptive_rank_fb,fp32,256.0,0.1,200,200,1.0,0.9811546736227333,1.0,1.0,1.0,0,1234,11111111111111111111111111111111111111111111111111111111111111111111111111111111111111111111111111111111111111111111111111111111111111111111111111111111111111111111111111111111111111111111111111111111,0,0,0,200,0
1024,sdpa,fp16,16.0,,200,10,0.05,0.027382645600763932,0.08957814813877599,0.02,0.08,0,1234,00000000000100000000000000000000000000000000000000000000000000000000000000000000000000000000011000000000000000000010000000000000100000000000000000000000100000100101000000000000100000000000000000000000,,,,,
1024,rf64,fp16,16.0,,200,1,0.005,0.0008831687156009805,0.02777370439789293,0.0,0.015,0,1234,00000000000000000000000000000000000000000000000000000000000000000000000000000000000000000000001000000000000000000000000000000000000000000000000000000000000000000000000000000000000000000000000000000000,,,,,
1024,rf256,fp16,16.0,,200,1,0.005,0.0008831687156009805,0.02777370439789293,0.0,0.015,0,1234,00000000000000000000000000000000000000000000000000000000000000000000000000000000000000000000001000000000000000000000000000000000000000000000000000000000000000000000000000000000000000000000000000000000,,,,,
1024,rf1024,fp16,16.0,,200,1,0.005,0.0008831687156009805,0.02777370439789293,0.0,0.015,0,1234,00000000000000000000000000000000000000000000000000000000000000000000000000000000000000000000001000000000000000000000000000000000000000000000000000000000000000000000000000000000000000000000000000000000,,,,,
1024,adaptive_rank,fp16,16.0,0.1,200,1,0.005,0.0008831687156009805,0.02777370439789293,0.0,0.015,0,1234,00000000000000000000000000000000000000000000000000000000000000000000000000000000000000000000001000000000000000000000000000000000000000000000000000000000000000000000000000000000000000000000000000000000,0,0,200,0,200
1024,adaptive_rank_fb,fp16,16.0,0.1,200,10,0.05,0.027382645600763932,0.08957814813877599,0.02,0.08,0,1234,00000000000100000000000000000000000000000000000000000000000000000000000000000000000000000000011000000000000000000010000000000000100000000000000000000000100000100101000000000000100000000000000000000000,0,0,0,200,0
1024,sdpa,fp16,64.0,,200,200,1.0,0.9811546736227333,1.0,1.0,1.0,0,1234,11111111111111111111111111111111111111111111111111111111111111111111111111111111111111111111111111111111111111111111111111111111111111111111111111111111111111111111111111111111111111111111111111111111,,,,,
1024,rf64,fp16,64.0,,200,1,0.005,0.0008831687156009805,0.02777370439789293,0.0,0.015,0,1234,00000000000000000000000000000000000000000000000000000000000000000000000000000000000000000000001000000000000000000000000000000000000000000000000000000000000000000000000000000000000000000000000000000000,,,,,
1024,rf256,fp16,64.0,,200,1,0.005,0.0008831687156009805,0.02777370439789293,0.0,0.015,0,1234,00000000000000000000000000000000000000000000000000000000000000000000000000000000000000000000001000000000000000000000000000000000000000000000000000000000000000000000000000000000000000000000000000000000,,,,,
1024,rf1024,fp16,64.0,,200,1,0.005,0.0008831687156009805,0.02777370439789293,0.0,0.015,0,1234,00000000000000000000000000000000000000000000000000000000000000000000000000000000000000000000001000000000000000000000000000000000000000000000000000000000000000000000000000000000000000000000000000000000,,,,,
1024,adaptive_rank,fp16,64.0,0.1,200,1,0.005,0.0008831687156009805,0.02777370439789293,0.0,0.015,0,1234,00000000000000000000000000000000000000000000000000000000000000000000000000000000000000000000001000000000000000000000000000000000000000000000000000000000000000000000000000000000000000000000000000000000,0,0,200,0,200
1024,adaptive_rank_fb,fp16,64.0,0.1,200,200,1.0,0.9811546736227333,1.0,1.0,1.0,0,1234,11111111111111111111111111111111111111111111111111111111111111111111111111111111111111111111111111111111111111111111111111111111111111111111111111111111111111111111111111111111111111111111111111111111,0,0,0,200,0
1024,sdpa,fp16,256.0,,200,200,1.0,0.9811546736227333,1.0,1.0,1.0,0,1234,11111111111111111111111111111111111111111111111111111111111111111111111111111111111111111111111111111111111111111111111111111111111111111111111111111111111111111111111111111111111111111111111111111111,,,,,
1024,rf64,fp16,256.0,,200,1,0.005,0.0008831687156009805,0.02777370439789293,0.0,0.015,0,1234,00000000000000000000000000000000000000000000000000000000000000000000000000000000000000000000001000000000000000000000000000000000000000000000000000000000000000000000000000000000000000000000000000000000,,,,,
1024,rf256,fp16,256.0,,200,1,0.005,0.0008831687156009805,0.02777370439789293,0.0,0.015,0,1234,00000000000000000000000000000000000000000000000000000000000000000000000000000000000000000000001000000000000000000000000000000000000000000000000000000000000000000000000000000000000000000000000000000000,,,,,
1024,rf1024,fp16,256.0,,200,1,0.005,0.0008831687156009805,0.02777370439789293,0.0,0.015,0,1234,00000000000000000000000000000000000000000000000000000000000000000000000000000000000000000000001000000000000000000000000000000000000000000000000000000000000000000000000000000000000000000000000000000000,,,,,
1024,adaptive_rank,fp16,256.0,0.1,200,1,0.005,0.0008831687156009805,0.02777370439789293,0.0,0.015,0,1234,00000000000000000000000000000000000000000000000000000000000000000000000000000000000000000000001000000000000000000000000000000000000000000000000000000000000000000000000000000000000000000000000000000000,0,0,200,0,200
1024,adaptive_rank_fb,fp16,256.0,0.1,200,200,1.0,0.9811546736227333,1.0,1.0,1.0,0,1234,11111111111111111111111111111111111111111111111111111111111111111111111111111111111111111111111111111111111111111111111111111111111111111111111111111111111111111111111111111111111111111111111111111111,0,0,0,200,0
4096,sdpa,fp32,16.0,,200,0,0.0,1.7020320458977177e-18,0.018845326377266575,0.0,0.0,0,1234,00000000000000000000000000000000000000000000000000000000000000000000000000000000000000000000000000000000000000000000000000000000000000000000000000000000000000000000000000000000000000000000000000000000,,,,,
4096,rf64,fp32,16.0,,200,0,0.0,1.7020320458977177e-18,0.018845326377266575,0.0,0.0,0,1234,00000000000000000000000000000000000000000000000000000000000000000000000000000000000000000000000000000000000000000000000000000000000000000000000000000000000000000000000000000000000000000000000000000000,,,,,
4096,rf256,fp32,16.0,,200,0,0.0,1.7020320458977177e-18,0.018845326377266575,0.0,0.0,0,1234,00000000000000000000000000000000000000000000000000000000000000000000000000000000000000000000000000000000000000000000000000000000000000000000000000000000000000000000000000000000000000000000000000000000,,,,,
4096,rf1024,fp32,16.0,,200,0,0.0,1.7020320458977177e-18,0.018845326377266575,0.0,0.0,0,1234,00000000000000000000000000000000000000000000000000000000000000000000000000000000000000000000000000000000000000000000000000000000000000000000000000000000000000000000000000000000000000000000000000000000,,,,,
4096,adaptive_rank,fp32,16.0,0.1,200,0,0.0,1.7020320458977177e-18,0.018845326377266575,0.0,0.0,0,1234,00000000000000000000000000000000000000000000000000000000000000000000000000000000000000000000000000000000000000000000000000000000000000000000000000000000000000000000000000000000000000000000000000000000,0,0,200,0,200
4096,adaptive_rank_fb,fp32,16.0,0.1,200,0,0.0,1.7020320458977177e-18,0.018845326377266575,0.0,0.0,0,1234,00000000000000000000000000000000000000000000000000000000000000000000000000000000000000000000000000000000000000000000000000000000000000000000000000000000000000000000000000000000000000000000000000000000,0,0,0,200,0
4096,sdpa,fp32,64.0,,200,200,1.0,0.9811546736227333,1.0,1.0,1.0,0,1234,11111111111111111111111111111111111111111111111111111111111111111111111111111111111111111111111111111111111111111111111111111111111111111111111111111111111111111111111111111111111111111111111111111111,,,,,
4096,rf64,fp32,64.0,,200,0,0.0,1.7020320458977177e-18,0.018845326377266575,0.0,0.0,0,1234,00000000000000000000000000000000000000000000000000000000000000000000000000000000000000000000000000000000000000000000000000000000000000000000000000000000000000000000000000000000000000000000000000000000,,,,,
4096,rf256,fp32,64.0,,200,0,0.0,1.7020320458977177e-18,0.018845326377266575,0.0,0.0,0,1234,00000000000000000000000000000000000000000000000000000000000000000000000000000000000000000000000000000000000000000000000000000000000000000000000000000000000000000000000000000000000000000000000000000000,,,,,
4096,rf1024,fp32,64.0,,200,0,0.0,1.7020320458977177e-18,0.018845326377266575,0.0,0.0,0,1234,00000000000000000000000000000000000000000000000000000000000000000000000000000000000000000000000000000000000000000000000000000000000000000000000000000000000000000000000000000000000000000000000000000000,,,,,
4096,adaptive_rank,fp32,64.0,0.1,200,0,0.0,1.7020320458977177e-18,0.018845326377266575,0.0,0.0,0,1234,00000000000000000000000000000000000000000000000000000000000000000000000000000000000000000000000000000000000000000000000000000000000000000000000000000000000000000000000000000000000000000000000000000000,0,0,200,0,200
4096,adaptive_rank_fb,fp32,64.0,0.1,200,200,1.0,0.9811546736227333,1.0,1.0,1.0,0,1234,11111111111111111111111111111111111111111111111111111111111111111111111111111111111111111111111111111111111111111111111111111111111111111111111111111111111111111111111111111111111111111111111111111111,0,0,0,200,0
4096,sdpa,fp32,256.0,,200,200,1.0,0.9811546736227333,1.0,1.0,1.0,0,1234,11111111111111111111111111111111111111111111111111111111111111111111111111111111111111111111111111111111111111111111111111111111111111111111111111111111111111111111111111111111111111111111111111111111,,,,,
4096,rf64,fp32,256.0,,200,0,0.0,1.7020320458977177e-18,0.018845326377266575,0.0,0.0,0,1234,00000000000000000000000000000000000000000000000000000000000000000000000000000000000000000000000000000000000000000000000000000000000000000000000000000000000000000000000000000000000000000000000000000000,,,,,
4096,rf256,fp32,256.0,,200,0,0.0,1.7020320458977177e-18,0.018845326377266575,0.0,0.0,0,1234,00000000000000000000000000000000000000000000000000000000000000000000000000000000000000000000000000000000000000000000000000000000000000000000000000000000000000000000000000000000000000000000000000000000,,,,,
4096,rf1024,fp32,256.0,,200,0,0.0,1.7020320458977177e-18,0.018845326377266575,0.0,0.0,0,1234,00000000000000000000000000000000000000000000000000000000000000000000000000000000000000000000000000000000000000000000000000000000000000000000000000000000000000000000000000000000000000000000000000000000,,,,,
4096,adaptive_rank,fp32,256.0,0.1,200,0,0.0,1.7020320458977177e-18,0.018845326377266575,0.0,0.0,0,1234,00000000000000000000000000000000000000000000000000000000000000000000000000000000000000000000000000000000000000000000000000000000000000000000000000000000000000000000000000000000000000000000000000000000,0,0,200,0,200
4096,adaptive_rank_fb,fp32,256.0,0.1,200,200,1.0,0.9811546736227333,1.0,1.0,1.0,0,1234,11111111111111111111111111111111111111111111111111111111111111111111111111111111111111111111111111111111111111111111111111111111111111111111111111111111111111111111111111111111111111111111111111111111,0,0,0,200,0
4096,sdpa,fp16,16.0,,200,0,0.0,1.7020320458977177e-18,0.018845326377266575,0.0,0.0,0,1234,00000000000000000000000000000000000000000000000000000000000000000000000000000000000000000000000000000000000000000000000000000000000000000000000000000000000000000000000000000000000000000000000000000000,,,,,
4096,rf64,fp16,16.0,,200,0,0.0,1.7020320458977177e-18,0.018845326377266575,0.0,0.0,0,1234,00000000000000000000000000000000000000000000000000000000000000000000000000000000000000000000000000000000000000000000000000000000000000000000000000000000000000000000000000000000000000000000000000000000,,,,,
4096,rf256,fp16,16.0,,200,0,0.0,1.7020320458977177e-18,0.018845326377266575,0.0,0.0,0,1234,00000000000000000000000000000000000000000000000000000000000000000000000000000000000000000000000000000000000000000000000000000000000000000000000000000000000000000000000000000000000000000000000000000000,,,,,
4096,rf1024,fp16,16.0,,200,0,0.0,1.7020320458977177e-18,0.018845326377266575,0.0,0.0,0,1234,00000000000000000000000000000000000000000000000000000000000000000000000000000000000000000000000000000000000000000000000000000000000000000000000000000000000000000000000000000000000000000000000000000000,,,,,
4096,adaptive_rank,fp16,16.0,0.1,200,0,0.0,1.7020320458977177e-18,0.018845326377266575,0.0,0.0,0,1234,00000000000000000000000000000000000000000000000000000000000000000000000000000000000000000000000000000000000000000000000000000000000000000000000000000000000000000000000000000000000000000000000000000000,0,0,200,0,200
4096,adaptive_rank_fb,fp16,16.0,0.1,200,0,0.0,1.7020320458977177e-18,0.018845326377266575,0.0,0.0,0,1234,00000000000000000000000000000000000000000000000000000000000000000000000000000000000000000000000000000000000000000000000000000000000000000000000000000000000000000000000000000000000000000000000000000000,0,0,0,200,0
4096,sdpa,fp16,64.0,,200,200,1.0,0.9811546736227333,1.0,1.0,1.0,0,1234,11111111111111111111111111111111111111111111111111111111111111111111111111111111111111111111111111111111111111111111111111111111111111111111111111111111111111111111111111111111111111111111111111111111,,,,,
4096,rf64,fp16,64.0,,200,0,0.0,1.7020320458977177e-18,0.018845326377266575,0.0,0.0,0,1234,00000000000000000000000000000000000000000000000000000000000000000000000000000000000000000000000000000000000000000000000000000000000000000000000000000000000000000000000000000000000000000000000000000000,,,,,
4096,rf256,fp16,64.0,,200,0,0.0,1.7020320458977177e-18,0.018845326377266575,0.0,0.0,0,1234,00000000000000000000000000000000000000000000000000000000000000000000000000000000000000000000000000000000000000000000000000000000000000000000000000000000000000000000000000000000000000000000000000000000,,,,,
4096,rf1024,fp16,64.0,,200,0,0.0,1.7020320458977177e-18,0.018845326377266575,0.0,0.0,0,1234,00000000000000000000000000000000000000000000000000000000000000000000000000000000000000000000000000000000000000000000000000000000000000000000000000000000000000000000000000000000000000000000000000000000,,,,,
4096,adaptive_rank,fp16,64.0,0.1,200,0,0.0,1.7020320458977177e-18,0.018845326377266575,0.0,0.0,0,1234,00000000000000000000000000000000000000000000000000000000000000000000000000000000000000000000000000000000000000000000000000000000000000000000000000000000000000000000000000000000000000000000000000000000,0,0,200,0,200
4096,adaptive_rank_fb,fp16,64.0,0.1,200,200,1.0,0.9811546736227333,1.0,1.0,1.0,0,1234,11111111111111111111111111111111111111111111111111111111111111111111111111111111111111111111111111111111111111111111111111111111111111111111111111111111111111111111111111111111111111111111111111111111,0,0,0,200,0
4096,sdpa,fp16,256.0,,200,200,1.0,0.9811546736227333,1.0,1.0,1.0,0,1234,11111111111111111111111111111111111111111111111111111111111111111111111111111111111111111111111111111111111111111111111111111111111111111111111111111111111111111111111111111111111111111111111111111111,,,,,
4096,rf64,fp16,256.0,,200,0,0.0,1.7020320458977177e-18,0.018845326377266575,0.0,0.0,0,1234,00000000000000000000000000000000000000000000000000000000000000000000000000000000000000000000000000000000000000000000000000000000000000000000000000000000000000000000000000000000000000000000000000000000,,,,,
4096,rf256,fp16,256.0,,200,0,0.0,1.7020320458977177e-18,0.018845326377266575,0.0,0.0,0,1234,00000000000000000000000000000000000000000000000000000000000000000000000000000000000000000000000000000000000000000000000000000000000000000000000000000000000000000000000000000000000000000000000000000000,,,,,
4096,rf1024,fp16,256.0,,200,0,0.0,1.7020320458977177e-18,0.018845326377266575,0.0,0.0,0,1234,00000000000000000000000000000000000000000000000000000000000000000000000000000000000000000000000000000000000000000000000000000000000000000000000000000000000000000000000000000000000000000000000000000000,,,,,
4096,adaptive_rank,fp16,256.0,0.1,200,0,0.0,1.7020320458977177e-18,0.018845326377266575,0.0,0.0,0,1234,00000000000000000000000000000000000000000000000000000000000000000000000000000000000000000000000000000000000000000000000000000000000000000000000000000000000000000000000000000000000000000000000000000000,0,0,200,0,200
4096,adaptive_rank_fb,fp16,256.0,0.1,200,200,1.0,0.9811546736227333,1.0,1.0,1.0,0,1234,11111111111111111111111111111111111111111111111111111111111111111111111111111111111111111111111111111111111111111111111111111111111111111111111111111111111111111111111111111111111111111111111111111111,0,0,0,200,0
16384,sdpa,fp32,16.0,,200,1,0.005,0.0008831687156009805,0.02777370439789293,0.0,0.015,0,1234,00000000000000000000000000000000000000000000000000000000000000000000000000000000000000000000000000000000000000000000000000000000000000000000000000000000000000100000000000000000000000000000000000000000,,,,,
16384,rf64,fp32,16.0,,200,0,0.0,1.7020320458977177e-18,0.018845326377266575,0.0,0.0,0,1234,00000000000000000000000000000000000000000000000000000000000000000000000000000000000000000000000000000000000000000000000000000000000000000000000000000000000000000000000000000000000000000000000000000000,,,,,
16384,rf256,fp32,16.0,,200,0,0.0,1.7020320458977177e-18,0.018845326377266575,0.0,0.0,0,1234,00000000000000000000000000000000000000000000000000000000000000000000000000000000000000000000000000000000000000000000000000000000000000000000000000000000000000000000000000000000000000000000000000000000,,,,,
16384,rf1024,fp32,16.0,,200,1,0.005,0.0008831687156009805,0.02777370439789293,0.0,0.015,0,1234,00000000000000000000000000000000000000000000000000000000000000000000000000000000000000000000000000000000000000000000000000000000000000000000000000000000000000100000000000000000000000000000000000000000,,,,,
16384,adaptive_rank,fp32,16.0,0.1,200,1,0.005,0.0008831687156009805,0.02777370439789293,0.0,0.015,0,1234,00000000000000000000000000000000000000000000000000000000000000000000000000000000000000000000000000000000000000000000000000000000000000000000000000000000000000100000000000000000000000000000000000000000,0,0,200,0,200
16384,adaptive_rank_fb,fp32,16.0,0.1,200,1,0.005,0.0008831687156009805,0.02777370439789293,0.0,0.015,0,1234,00000000000000000000000000000000000000000000000000000000000000000000000000000000000000000000000000000000000000000000000000000000000000000000000000000000000000100000000000000000000000000000000000000000,0,0,0,200,0
16384,sdpa,fp32,64.0,,200,200,1.0,0.9811546736227333,1.0,1.0,1.0,0,1234,11111111111111111111111111111111111111111111111111111111111111111111111111111111111111111111111111111111111111111111111111111111111111111111111111111111111111111111111111111111111111111111111111111111,,,,,
16384,rf64,fp32,64.0,,200,0,0.0,1.7020320458977177e-18,0.018845326377266575,0.0,0.0,0,1234,00000000000000000000000000000000000000000000000000000000000000000000000000000000000000000000000000000000000000000000000000000000000000000000000000000000000000000000000000000000000000000000000000000000,,,,,
16384,rf256,fp32,64.0,,200,0,0.0,1.7020320458977177e-18,0.018845326377266575,0.0,0.0,0,1234,00000000000000000000000000000000000000000000000000000000000000000000000000000000000000000000000000000000000000000000000000000000000000000000000000000000000000000000000000000000000000000000000000000000,,,,,
16384,rf1024,fp32,64.0,,200,0,0.0,1.7020320458977177e-18,0.018845326377266575,0.0,0.0,0,1234,00000000000000000000000000000000000000000000000000000000000000000000000000000000000000000000000000000000000000000000000000000000000000000000000000000000000000000000000000000000000000000000000000000000,,,,,
16384,adaptive_rank,fp32,64.0,0.1,200,0,0.0,1.7020320458977177e-18,0.018845326377266575,0.0,0.0,0,1234,00000000000000000000000000000000000000000000000000000000000000000000000000000000000000000000000000000000000000000000000000000000000000000000000000000000000000000000000000000000000000000000000000000000,0,0,200,0,200
16384,adaptive_rank_fb,fp32,64.0,0.1,200,200,1.0,0.9811546736227333,1.0,1.0,1.0,0,1234,11111111111111111111111111111111111111111111111111111111111111111111111111111111111111111111111111111111111111111111111111111111111111111111111111111111111111111111111111111111111111111111111111111111,0,0,0,200,0
16384,sdpa,fp32,256.0,,200,200,1.0,0.9811546736227333,1.0,1.0,1.0,0,1234,11111111111111111111111111111111111111111111111111111111111111111111111111111111111111111111111111111111111111111111111111111111111111111111111111111111111111111111111111111111111111111111111111111111,,,,,
16384,rf64,fp32,256.0,,200,0,0.0,1.7020320458977177e-18,0.018845326377266575,0.0,0.0,0,1234,00000000000000000000000000000000000000000000000000000000000000000000000000000000000000000000000000000000000000000000000000000000000000000000000000000000000000000000000000000000000000000000000000000000,,,,,
16384,rf256,fp32,256.0,,200,0,0.0,1.7020320458977177e-18,0.018845326377266575,0.0,0.0,0,1234,00000000000000000000000000000000000000000000000000000000000000000000000000000000000000000000000000000000000000000000000000000000000000000000000000000000000000000000000000000000000000000000000000000000,,,,,
16384,rf1024,fp32,256.0,,200,0,0.0,1.7020320458977177e-18,0.018845326377266575,0.0,0.0,0,1234,00000000000000000000000000000000000000000000000000000000000000000000000000000000000000000000000000000000000000000000000000000000000000000000000000000000000000000000000000000000000000000000000000000000,,,,,
16384,adaptive_rank,fp32,256.0,0.1,200,0,0.0,1.7020320458977177e-18,0.018845326377266575,0.0,0.0,0,1234,00000000000000000000000000000000000000000000000000000000000000000000000000000000000000000000000000000000000000000000000000000000000000000000000000000000000000000000000000000000000000000000000000000000,0,0,200,0,200
16384,adaptive_rank_fb,fp32,256.0,0.1,200,200,1.0,0.9811546736227333,1.0,1.0,1.0,0,1234,11111111111111111111111111111111111111111111111111111111111111111111111111111111111111111111111111111111111111111111111111111111111111111111111111111111111111111111111111111111111111111111111111111111,0,0,0,200,0
16384,sdpa,fp16,16.0,,200,1,0.005,0.0008831687156009805,0.02777370439789293,0.0,0.015,0,1234,00000000000000000000000000000000000000000000000000000000000000000000000000000000000000000000000000000000000000000000000000000000000000000000000000000000000000100000000000000000000000000000000000000000,,,,,
16384,rf64,fp16,16.0,,200,0,0.0,1.7020320458977177e-18,0.018845326377266575,0.0,0.0,0,1234,00000000000000000000000000000000000000000000000000000000000000000000000000000000000000000000000000000000000000000000000000000000000000000000000000000000000000000000000000000000000000000000000000000000,,,,,
16384,rf256,fp16,16.0,,200,0,0.0,1.7020320458977177e-18,0.018845326377266575,0.0,0.0,0,1234,00000000000000000000000000000000000000000000000000000000000000000000000000000000000000000000000000000000000000000000000000000000000000000000000000000000000000000000000000000000000000000000000000000000,,,,,
16384,rf1024,fp16,16.0,,200,1,0.005,0.0008831687156009805,0.02777370439789293,0.0,0.015,0,1234,00000000000000000000000000000000000000000000000000000000000000000000000000000000000000000000000000000000000000000000000000000000000000000000000000000000000000100000000000000000000000000000000000000000,,,,,
16384,adaptive_rank,fp16,16.0,0.1,200,1,0.005,0.0008831687156009805,0.02777370439789293,0.0,0.015,0,1234,00000000000000000000000000000000000000000000000000000000000000000000000000000000000000000000000000000000000000000000000000000000000000000000000000000000000000100000000000000000000000000000000000000000,0,0,200,0,200
16384,adaptive_rank_fb,fp16,16.0,0.1,200,1,0.005,0.0008831687156009805,0.02777370439789293,0.0,0.015,0,1234,00000000000000000000000000000000000000000000000000000000000000000000000000000000000000000000000000000000000000000000000000000000000000000000000000000000000000100000000000000000000000000000000000000000,0,0,0,200,0
16384,sdpa,fp16,64.0,,200,200,1.0,0.9811546736227333,1.0,1.0,1.0,0,1234,11111111111111111111111111111111111111111111111111111111111111111111111111111111111111111111111111111111111111111111111111111111111111111111111111111111111111111111111111111111111111111111111111111111,,,,,
16384,rf64,fp16,64.0,,200,0,0.0,1.7020320458977177e-18,0.018845326377266575,0.0,0.0,0,1234,00000000000000000000000000000000000000000000000000000000000000000000000000000000000000000000000000000000000000000000000000000000000000000000000000000000000000000000000000000000000000000000000000000000,,,,,
16384,rf256,fp16,64.0,,200,0,0.0,1.7020320458977177e-18,0.018845326377266575,0.0,0.0,0,1234,00000000000000000000000000000000000000000000000000000000000000000000000000000000000000000000000000000000000000000000000000000000000000000000000000000000000000000000000000000000000000000000000000000000,,,,,
16384,rf1024,fp16,64.0,,200,0,0.0,1.7020320458977177e-18,0.018845326377266575,0.0,0.0,0,1234,00000000000000000000000000000000000000000000000000000000000000000000000000000000000000000000000000000000000000000000000000000000000000000000000000000000000000000000000000000000000000000000000000000000,,,,,
16384,adaptive_rank,fp16,64.0,0.1,200,0,0.0,1.7020320458977177e-18,0.018845326377266575,0.0,0.0,0,1234,00000000000000000000000000000000000000000000000000000000000000000000000000000000000000000000000000000000000000000000000000000000000000000000000000000000000000000000000000000000000000000000000000000000,0,0,200,0,200
16384,adaptive_rank_fb,fp16,64.0,0.1,200,200,1.0,0.9811546736227333,1.0,1.0,1.0,0,1234,11111111111111111111111111111111111111111111111111111111111111111111111111111111111111111111111111111111111111111111111111111111111111111111111111111111111111111111111111111111111111111111111111111111,0,0,0,200,0
16384,sdpa,fp16,256.0,,200,200,1.0,0.9811546736227333,1.0,1.0,1.0,0,1234,11111111111111111111111111111111111111111111111111111111111111111111111111111111111111111111111111111111111111111111111111111111111111111111111111111111111111111111111111111111111111111111111111111111,,,,,
16384,rf64,fp16,256.0,,200,0,0.0,1.7020320458977177e-18,0.018845326377266575,0.0,0.0,0,1234,00000000000000000000000000000000000000000000000000000000000000000000000000000000000000000000000000000000000000000000000000000000000000000000000000000000000000000000000000000000000000000000000000000000,,,,,
16384,rf256,fp16,256.0,,200,0,0.0,1.7020320458977177e-18,0.018845326377266575,0.0,0.0,0,1234,00000000000000000000000000000000000000000000000000000000000000000000000000000000000000000000000000000000000000000000000000000000000000000000000000000000000000000000000000000000000000000000000000000000,,,,,
16384,rf1024,fp16,256.0,,200,0,0.0,1.7020320458977177e-18,0.018845326377266575,0.0,0.0,0,1234,00000000000000000000000000000000000000000000000000000000000000000000000000000000000000000000000000000000000000000000000000000000000000000000000000000000000000000000000000000000000000000000000000000000,,,,,
16384,adaptive_rank,fp16,256.0,0.1,200,0,0.0,1.7020320458977177e-18,0.018845326377266575,0.0,0.0,0,1234,00000000000000000000000000000000000000000000000000000000000000000000000000000000000000000000000000000000000000000000000000000000000000000000000000000000000000000000000000000000000000000000000000000000,0,0,200,0,200
16384,adaptive_rank_fb,fp16,256.0,0.1,200,200,1.0,0.9811546736227333,1.0,1.0,1.0,0,1234,11111111111111111111111111111111111111111111111111111111111111111111111111111111111111111111111111111111111111111111111111111111111111111111111111111111111111111111111111111111111111111111111111111111,0,0,0,200,0
65536,sdpa,fp32,16.0,,200,0,0.0,1.7020320458977177e-18,0.018845326377266575,0.0,0.0,0,1234,00000000000000000000000000000000000000000000000000000000000000000000000000000000000000000000000000000000000000000000000000000000000000000000000000000000000000000000000000000000000000000000000000000000,,,,,
65536,rf64,fp32,16.0,,200,0,0.0,1.7020320458977177e-18,0.018845326377266575,0.0,0.0,0,1234,00000000000000000000000000000000000000000000000000000000000000000000000000000000000000000000000000000000000000000000000000000000000000000000000000000000000000000000000000000000000000000000000000000000,,,,,
65536,rf256,fp32,16.0,,200,0,0.0,1.7020320458977177e-18,0.018845326377266575,0.0,0.0,0,1234,00000000000000000000000000000000000000000000000000000000000000000000000000000000000000000000000000000000000000000000000000000000000000000000000000000000000000000000000000000000000000000000000000000000,,,,,
65536,rf1024,fp32,16.0,,200,0,0.0,1.7020320458977177e-18,0.018845326377266575,0.0,0.0,0,1234,00000000000000000000000000000000000000000000000000000000000000000000000000000000000000000000000000000000000000000000000000000000000000000000000000000000000000000000000000000000000000000000000000000000,,,,,
65536,adaptive_rank,fp32,16.0,0.1,200,0,0.0,1.7020320458977177e-18,0.018845326377266575,0.0,0.0,0,1234,00000000000000000000000000000000000000000000000000000000000000000000000000000000000000000000000000000000000000000000000000000000000000000000000000000000000000000000000000000000000000000000000000000000,0,0,200,0,200
65536,adaptive_rank_fb,fp32,16.0,0.1,200,0,0.0,1.7020320458977177e-18,0.018845326377266575,0.0,0.0,0,1234,00000000000000000000000000000000000000000000000000000000000000000000000000000000000000000000000000000000000000000000000000000000000000000000000000000000000000000000000000000000000000000000000000000000,0,0,0,200,0
65536,sdpa,fp32,64.0,,200,200,1.0,0.9811546736227333,1.0,1.0,1.0,0,1234,11111111111111111111111111111111111111111111111111111111111111111111111111111111111111111111111111111111111111111111111111111111111111111111111111111111111111111111111111111111111111111111111111111111,,,,,
65536,rf64,fp32,64.0,,200,0,0.0,1.7020320458977177e-18,0.018845326377266575,0.0,0.0,0,1234,00000000000000000000000000000000000000000000000000000000000000000000000000000000000000000000000000000000000000000000000000000000000000000000000000000000000000000000000000000000000000000000000000000000,,,,,
65536,rf256,fp32,64.0,,200,0,0.0,1.7020320458977177e-18,0.018845326377266575,0.0,0.0,0,1234,00000000000000000000000000000000000000000000000000000000000000000000000000000000000000000000000000000000000000000000000000000000000000000000000000000000000000000000000000000000000000000000000000000000,,,,,
65536,rf1024,fp32,64.0,,200,0,0.0,1.7020320458977177e-18,0.018845326377266575,0.0,0.0,0,1234,00000000000000000000000000000000000000000000000000000000000000000000000000000000000000000000000000000000000000000000000000000000000000000000000000000000000000000000000000000000000000000000000000000000,,,,,
65536,adaptive_rank,fp32,64.0,0.1,200,0,0.0,1.7020320458977177e-18,0.018845326377266575,0.0,0.0,0,1234,00000000000000000000000000000000000000000000000000000000000000000000000000000000000000000000000000000000000000000000000000000000000000000000000000000000000000000000000000000000000000000000000000000000,0,0,200,0,200
65536,adaptive_rank_fb,fp32,64.0,0.1,200,200,1.0,0.9811546736227333,1.0,1.0,1.0,0,1234,11111111111111111111111111111111111111111111111111111111111111111111111111111111111111111111111111111111111111111111111111111111111111111111111111111111111111111111111111111111111111111111111111111111,0,0,0,200,0
65536,sdpa,fp32,256.0,,200,200,1.0,0.9811546736227333,1.0,1.0,1.0,0,1234,11111111111111111111111111111111111111111111111111111111111111111111111111111111111111111111111111111111111111111111111111111111111111111111111111111111111111111111111111111111111111111111111111111111,,,,,
65536,rf64,fp32,256.0,,200,0,0.0,1.7020320458977177e-18,0.018845326377266575,0.0,0.0,0,1234,00000000000000000000000000000000000000000000000000000000000000000000000000000000000000000000000000000000000000000000000000000000000000000000000000000000000000000000000000000000000000000000000000000000,,,,,
65536,rf256,fp32,256.0,,200,0,0.0,1.7020320458977177e-18,0.018845326377266575,0.0,0.0,0,1234,00000000000000000000000000000000000000000000000000000000000000000000000000000000000000000000000000000000000000000000000000000000000000000000000000000000000000000000000000000000000000000000000000000000,,,,,
65536,rf1024,fp32,256.0,,200,0,0.0,1.7020320458977177e-18,0.018845326377266575,0.0,0.0,0,1234,00000000000000000000000000000000000000000000000000000000000000000000000000000000000000000000000000000000000000000000000000000000000000000000000000000000000000000000000000000000000000000000000000000000,,,,,
65536,adaptive_rank,fp32,256.0,0.1,200,0,0.0,1.7020320458977177e-18,0.018845326377266575,0.0,0.0,0,1234,00000000000000000000000000000000000000000000000000000000000000000000000000000000000000000000000000000000000000000000000000000000000000000000000000000000000000000000000000000000000000000000000000000000,0,0,200,0,200
65536,adaptive_rank_fb,fp32,256.0,0.1,200,200,1.0,0.9811546736227333,1.0,1.0,1.0,0,1234,11111111111111111111111111111111111111111111111111111111111111111111111111111111111111111111111111111111111111111111111111111111111111111111111111111111111111111111111111111111111111111111111111111111,0,0,0,200,0
65536,sdpa,fp16,16.0,,200,0,0.0,1.7020320458977177e-18,0.018845326377266575,0.0,0.0,0,1234,00000000000000000000000000000000000000000000000000000000000000000000000000000000000000000000000000000000000000000000000000000000000000000000000000000000000000000000000000000000000000000000000000000000,,,,,
65536,rf64,fp16,16.0,,200,0,0.0,1.7020320458977177e-18,0.018845326377266575,0.0,0.0,0,1234,00000000000000000000000000000000000000000000000000000000000000000000000000000000000000000000000000000000000000000000000000000000000000000000000000000000000000000000000000000000000000000000000000000000,,,,,
65536,rf256,fp16,16.0,,200,0,0.0,1.7020320458977177e-18,0.018845326377266575,0.0,0.0,0,1234,00000000000000000000000000000000000000000000000000000000000000000000000000000000000000000000000000000000000000000000000000000000000000000000000000000000000000000000000000000000000000000000000000000000,,,,,
65536,rf1024,fp16,16.0,,200,0,0.0,1.7020320458977177e-18,0.018845326377266575,0.0,0.0,0,1234,00000000000000000000000000000000000000000000000000000000000000000000000000000000000000000000000000000000000000000000000000000000000000000000000000000000000000000000000000000000000000000000000000000000,,,,,
65536,adaptive_rank,fp16,16.0,0.1,200,0,0.0,1.7020320458977177e-18,0.018845326377266575,0.0,0.0,0,1234,00000000000000000000000000000000000000000000000000000000000000000000000000000000000000000000000000000000000000000000000000000000000000000000000000000000000000000000000000000000000000000000000000000000,0,0,200,0,200
65536,adaptive_rank_fb,fp16,16.0,0.1,200,0,0.0,1.7020320458977177e-18,0.018845326377266575,0.0,0.0,0,1234,00000000000000000000000000000000000000000000000000000000000000000000000000000000000000000000000000000000000000000000000000000000000000000000000000000000000000000000000000000000000000000000000000000000,0,0,0,200,0
65536,sdpa,fp16,64.0,,200,200,1.0,0.9811546736227333,1.0,1.0,1.0,0,1234,11111111111111111111111111111111111111111111111111111111111111111111111111111111111111111111111111111111111111111111111111111111111111111111111111111111111111111111111111111111111111111111111111111111,,,,,
65536,rf64,fp16,64.0,,200,0,0.0,1.7020320458977177e-18,0.018845326377266575,0.0,0.0,0,1234,00000000000000000000000000000000000000000000000000000000000000000000000000000000000000000000000000000000000000000000000000000000000000000000000000000000000000000000000000000000000000000000000000000000,,,,,
65536,rf256,fp16,64.0,,200,0,0.0,1.7020320458977177e-18,0.018845326377266575,0.0,0.0,0,1234,00000000000000000000000000000000000000000000000000000000000000000000000000000000000000000000000000000000000000000000000000000000000000000000000000000000000000000000000000000000000000000000000000000000,,,,,
65536,rf1024,fp16,64.0,,200,0,0.0,1.7020320458977177e-18,0.018845326377266575,0.0,0.0,0,1234,00000000000000000000000000000000000000000000000000000000000000000000000000000000000000000000000000000000000000000000000000000000000000000000000000000000000000000000000000000000000000000000000000000000,,,,,
65536,adaptive_rank,fp16,64.0,0.1,200,0,0.0,1.7020320458977177e-18,0.018845326377266575,0.0,0.0,0,1234,00000000000000000000000000000000000000000000000000000000000000000000000000000000000000000000000000000000000000000000000000000000000000000000000000000000000000000000000000000000000000000000000000000000,0,0,200,0,200
65536,adaptive_rank_fb,fp16,64.0,0.1,200,200,1.0,0.9811546736227333,1.0,1.0,1.0,0,1234,11111111111111111111111111111111111111111111111111111111111111111111111111111111111111111111111111111111111111111111111111111111111111111111111111111111111111111111111111111111111111111111111111111111,0,0,0,200,0
65536,sdpa,fp16,256.0,,200,200,1.0,0.9811546736227333,1.0,1.0,1.0,0,1234,11111111111111111111111111111111111111111111111111111111111111111111111111111111111111111111111111111111111111111111111111111111111111111111111111111111111111111111111111111111111111111111111111111111,,,,,
65536,rf64,fp16,256.0,,200,0,0.0,1.7020320458977177e-18,0.018845326377266575,0.0,0.0,0,1234,00000000000000000000000000000000000000000000000000000000000000000000000000000000000000000000000000000000000000000000000000000000000000000000000000000000000000000000000000000000000000000000000000000000,,,,,
65536,rf256,fp16,256.0,,200,0,0.0,1.7020320458977177e-18,0.018845326377266575,0.0,0.0,0,1234,00000000000000000000000000000000000000000000000000000000000000000000000000000000000000000000000000000000000000000000000000000000000000000000000000000000000000000000000000000000000000000000000000000000,,,,,
65536,rf1024,fp16,256.0,,200,0,0.0,1.7020320458977177e-18,0.018845326377266575,0.0,0.0,0,1234,00000000000000000000000000000000000000000000000000000000000000000000000000000000000000000000000000000000000000000000000000000000000000000000000000000000000000000000000000000000000000000000000000000000,,,,,
65536,adaptive_rank,fp16,256.0,0.1,200,0,0.0,1.7020320458977177e-18,0.018845326377266575,0.0,0.0,0,1234,00000000000000000000000000000000000000000000000000000000000000000000000000000000000000000000000000000000000000000000000000000000000000000000000000000000000000000000000000000000000000000000000000000000,0,0,200,0,200
65536,adaptive_rank_fb,fp16,256.0,0.1,200,200,1.0,0.9811546736227333,1.0,1.0,1.0,0,1234,11111111111111111111111111111111111111111111111111111111111111111111111111111111111111111111111111111111111111111111111111111111111111111111111111111111111111111111111111111111111111111111111111111111,0,0,0,200,0
