variant,N,status,median_ms,q25_ms,q75_ms,min_ms,reps,warmup,peak_extra_mb,peak_total_mb,finite_output,heads_rank64,heads_rank256,heads_rank1024,heads_exact,heads_tol_not_met
sdpa,1024,ok,144.75350952148438,144.22402954101562,144.76870727539062,143.73046875,5,3,153.17822265625,1106.99365234375,True,,,,,
sdpa_mha,1024,ok,60.98323059082031,58.62489700317383,61.896705627441406,57.8218879699707,5,3,36.1640625,989.9794921875,True,,,,,
rf64,1024,ok,84.70531463623047,84.69318389892578,84.748291015625,84.56800079345703,5,3,42.51123046875,996.32666015625,False,,,,,
rf256,1024,ok,122.3414077758789,122.16320037841797,122.62662506103516,121.93756866455078,5,3,67.71875,1021.5341796875,False,,,,,
rf1024,1024,ok,272.6947937011719,272.10736083984375,273.910400390625,270.54058837890625,5,3,193.71875,1147.5341796875,False,,,,,
adaptive_rank,1024,ok,460.25079345703125,456.3275146484375,465.1885070800781,449.9779052734375,5,3,211.3857421875,1165.201171875,False,0,0,336,0,336
adaptive_rank_fb,1024,ok,563.5759887695312,562.6896362304688,565.5100708007812,561.5791015625,5,3,211.3857421875,1165.201171875,True,0,2,0,334,0
sdpa,2048,ok,483.9915466308594,483.7396240234375,484.06732177734375,482.0497131347656,5,3,566.54345703125,1520.36669921875,True,,,,,
sdpa_mha,2048,ok,138.32601928710938,136.78781127929688,138.40255737304688,135.97068786621094,5,3,71.515625,1025.3388671875,True,,,,,
rf64,2048,ok,179.65638732910156,177.89337158203125,180.5292205810547,177.45852661132812,5,3,75.23779296875,1029.06103515625,False,,,,,
rf256,2048,ok,253.0911102294922,252.12857055664062,253.4484100341797,249.58364868164062,5,3,134.625,1088.4482421875,False,,,,,
rf1024,2048,ok,559.4111328125,557.9055786132812,560.6021728515625,556.6480712890625,5,3,386.625,1340.4482421875,False,,,,,
adaptive_rank,2048,ok,831.2823486328125,829.306884765625,831.803466796875,826.9085693359375,5,3,421.7919921875,1375.615234375,False,0,0,336,0,336
adaptive_rank_fb,2048,ok,1224.763427734375,1221.7213134765625,1224.80810546875,1217.98193359375,5,3,533.68359375,1487.5068359375,True,0,1,1,334,0
sdpa,4096,ok,1643.43212890625,1640.6002197265625,1644.8765869140625,1639.22216796875,5,3,2171.24267578125,3125.08154296875,True,,,,,
sdpa_mha,4096,ok,275.59527587890625,274.99725341796875,276.1861877441406,274.6593322753906,5,3,143.03125,1096.8701171875,True,,,,,
rf64,4096,ok,334.0451965332031,333.7666320800781,334.2829895019531,333.5987854003906,5,3,146.75341796875,1100.59228515625,False,,,,,
rf256,4096,ok,484.5997314453125,483.973876953125,484.6141357421875,483.9190368652344,5,3,269.25,1223.0888671875,False,,,,,
rf1024,4096,ok,1083.96337890625,1083.101806640625,1084.3634033203125,1083.036865234375,5,3,773.25,1727.0888671875,False,,,,,
adaptive_rank,4096,ok,1618.2130126953125,1616.459716796875,1627.191650390625,1612.7235107421875,5,3,843.4169921875,1797.255859375,False,0,0,336,0,336
adaptive_rank_fb,4096,ok,3088.81884765625,3086.314208984375,3110.09521484375,3081.039794921875,5,0,1965.19921875,2919.0380859375,True,0,1,1,334,0
sdpa,8192,ok,6807.29638671875,6806.16943359375,6810.392578125,6788.212890625,5,0,8502.17236328125,9456.04248046875,True,,,,,
sdpa_mha,8192,ok,687.7637329101562,687.2264404296875,688.293701171875,685.452880859375,5,3,286.0625,1239.9326171875,True,,,,,
rf64,8192,ok,669.1447143554688,668.868408203125,669.5616455078125,668.76806640625,5,3,289.78466796875,1243.65478515625,False,,,,,
rf256,8192,ok,964.6981201171875,963.8742065429688,966.9827270507812,961.1036987304688,5,3,538.5,1492.3701171875,False,,,,,
rf1024,8192,ok,2146.46142578125,2144.1923828125,2147.08251953125,2143.155517578125,5,0,1546.5,2500.3701171875,False,,,,,
adaptive_rank,8192,ok,3171.173828125,3170.989501953125,3178.687744140625,3163.96533203125,5,0,1686.6669921875,2640.537109375,False,0,0,336,0,336
adaptive_rank_fb,8192,ok,9169.0087890625,9159.8994140625,9172.61328125,9147.9853515625,5,0,7546.23046875,8500.1005859375,True,0,1,1,334,0
