regime,dtype,method,tol,N,status,median_ms,q25_ms,q75_ms,min_ms,reps,warmup,peak_extra_mb,peak_total_mb,finite_output,rel_err_mean_vs_exact,rel_err_max_vs_exact,heads_rank64,heads_rank256,heads_rank1024,heads_exact,heads_tol_not_met
small,fp32,sdpa,,1024,ok,1.06278395652771,1.0592640042304993,1.06523197889328,1.0578559637069702,15,3,2.0,10.0009765625,True,0.0,0.0,,,,,
small,fp32,rf64,,1024,ok,0.7311679720878601,0.7238240242004395,0.7547520101070404,0.7157120108604431,15,3,8.158203125,24.2998046875,True,0.1339426338672638,0.1593826413154602,,,,,
small,fp32,rf256,,1024,ok,1.294335961341858,1.2906880378723145,1.305408000946045,1.2869759798049927,15,3,32.50830078125,48.71240234375,True,0.06514571607112885,0.08306357264518738,,,,,
small,fp32,rf1024,,1024,ok,3.904736042022705,3.9010239839553833,3.9077279567718506,3.8980159759521484,15,3,98.03125,114.4853515625,True,0.0327458456158638,0.03760542720556259,,,,,
small,fp32,adaptive_rank,0.1,1024,ok,4.5629119873046875,4.117120027542114,4.702064037322998,3.9626240730285645,15,3,42.60498046875,59.06005859375,True,0.06514571607112885,0.08306357264518738,0,8,0,0,0
small,fp32,adaptive_rank_fb,0.1,1024,ok,4.100096225738525,3.9652960300445557,4.197023868560791,3.9243199825286865,15,3,42.60498046875,59.06005859375,True,0.06514571607112885,0.08306357264518738,0,8,0,0,0
small,fp32,adaptive_rank_tol0.05,0.05,1024,ok,9.228320121765137,8.91752004623413,9.519632339477539,7.712736129760742,15,3,108.1279296875,124.5830078125,True,0.0327458456158638,0.03760542720556259,0,0,8,0,0
small,fp32,adaptive_rank_fb_tol0.05,0.05,1024,ok,8.725728034973145,8.691775798797607,8.888432025909424,8.362079620361328,15,3,108.1279296875,124.5830078125,True,0.0327458456158638,0.03760542720556259,0,0,8,0,0
small,fp32,adaptive_rank_tol0.2,0.2,1024,ok,1.6609920263290405,1.6108160018920898,1.8049119710922241,1.5596799850463867,15,3,16.22265625,32.677734375,True,0.1339426338672638,0.1593826413154602,8,0,0,0,0
small,fp32,adaptive_rank_fb_tol0.2,0.2,1024,ok,1.5848959684371948,1.5749920010566711,1.6571680307388306,1.5656640529632568,15,3,16.22265625,32.677734375,True,0.1339426338672638,0.1593826413154602,8,0,0,0,0
small,fp32,adaptive_rank_tol0.4,0.4,1024,ok,1.6152640581130981,1.5830399990081787,1.677232027053833,1.5654720067977905,15,3,16.22265625,32.677734375,True,0.1339426338672638,0.1593826413154602,8,0,0,0,0
small,fp32,adaptive_rank_fb_tol0.4,0.4,1024,ok,1.6486400365829468,1.5849120020866394,1.6957759857177734,1.565600037574768,15,3,16.22265625,32.677734375,True,0.1339426338672638,0.1593826413154602,8,0,0,0,0
small,fp32,sdpa,,4096,ok,12.733247756958008,12.580703735351562,12.818352222442627,12.546719551086426,15,3,8.0,48.4541015625,True,0.0,0.0,,,,,
small,fp32,rf64,,4096,ok,1.8374079465866089,1.8064320087432861,1.8432480096817017,1.8001919984817505,15,3,32.251953125,72.7060546875,True,0.12582169473171234,0.14359121024608612,,,,,
small,fp32,rf256,,4096,ok,4.2890238761901855,4.101583957672119,4.458031892776489,4.063583850860596,15,3,104.125,144.5791015625,True,0.06114015728235245,0.06625021994113922,,,,,
small,fp32,rf1024,,4096,ok,15.095775604248047,14.980656147003174,15.10862398147583,14.497856140136719,15,3,392.125,432.5791015625,True,0.02997283637523651,0.03360782936215401,,,,,
small,fp32,adaptive_rank,0.1,4096,ok,8.212448120117188,8.163328170776367,8.27620792388916,7.979008197784424,15,3,144.2216796875,184.6767578125,True,0.06114015728235245,0.06625021994113922,0,8,0,0,0
small,fp32,adaptive_rank_fb,0.1,4096,ok,8.267647743225098,8.13756799697876,8.322943687438965,8.028096199035645,15,3,144.2216796875,184.6767578125,True,0.06114015728235245,0.06625021994113922,0,8,0,0,0
small,fp32,adaptive_rank_tol0.05,0.05,4096,ok,23.451648712158203,23.387904167175293,23.57412815093994,23.31622314453125,15,3,432.2216796875,472.6767578125,True,0.02997283637523651,0.03360782936215401,0,0,8,0,0
small,fp32,adaptive_rank_fb_tol0.05,0.05,4096,ok,23.563007354736328,23.531071662902832,23.630752563476562,23.468032836914062,15,3,432.2216796875,472.6767578125,True,0.02997283637523651,0.03360782936215401,0,0,8,0,0
small,fp32,adaptive_rank_tol0.2,0.2,4096,ok,3.328864097595215,3.25819194316864,3.5436959266662598,3.187743902206421,15,3,64.31640625,104.771484375,True,0.12582169473171234,0.14359121024608612,8,0,0,0,0
small,fp32,adaptive_rank_fb_tol0.2,0.2,4096,ok,3.1978559494018555,3.182128071784973,3.2643359899520874,3.106112003326416,15,3,64.31640625,104.771484375,True,0.12582169473171234,0.14359121024608612,8,0,0,0,0
small,fp32,adaptive_rank_tol0.4,0.4,4096,ok,3.235680103302002,3.195631980895996,3.2851200103759766,3.1466879844665527,15,3,64.31640625,104.771484375,True,0.12582169473171234,0.14359121024608612,8,0,0,0,0
small,fp32,adaptive_rank_fb_tol0.4,0.4,4096,ok,3.217024087905884,3.209120035171509,3.253856062889099,3.1507840156555176,15,3,64.31640625,104.771484375,True,0.12582169473171234,0.14359121024608612,8,0,0,0,0
small,fp32,sdpa,,16384,ok,202.85235595703125,201.5853500366211,203.936767578125,200.75315856933594,15,3,32.0,168.4541015625,True,0.0,0.0,,,,,
small,fp32,rf64,,16384,ok,7.294464111328125,7.242751836776733,7.307279825210571,7.166431903839111,15,3,128.626953125,265.0810546875,True,0.1301192194223404,0.14989599585533142,,,,,
small,fp32,rf256,,16384,ok,17.223424911499023,17.120448112487793,17.28275203704834,16.990432739257812,15,3,416.5,552.9541015625,True,0.06311541795730591,0.0747406855225563,,,,,
small,fp32,rf1024,,16384,ok,61.611263275146484,61.431087493896484,62.087873458862305,60.91987228393555,15,3,1568.5,1704.9541015625,True,0.03128497302532196,0.038359567523002625,,,,,
small,fp32,adaptive_rank,0.1,16384,ok,29.859840393066406,29.60323143005371,29.916815757751465,29.493471145629883,15,3,576.5966796875,713.0517578125,True,0.06311541795730591,0.0747406855225563,0,8,0,0,0
small,fp32,adaptive_rank_fb,0.1,16384,ok,30.008960723876953,29.92963218688965,30.20742416381836,29.858848571777344,15,3,576.5966796875,713.0517578125,True,0.06311541795730591,0.0747406855225563,0,8,0,0,0
small,fp32,adaptive_rank_tol0.05,0.05,16384,ok,92.3914566040039,89.11532592773438,93.05366516113281,88.92415618896484,15,3,1728.5966796875,1865.0517578125,True,0.03128497302532196,0.038359567523002625,0,0,8,0,0
small,fp32,adaptive_rank_fb_tol0.05,0.05,16384,ok,90.30242919921875,89.27730941772461,92.42192077636719,88.6028823852539,15,3,1728.5966796875,1865.0517578125,True,0.03128497302532196,0.038359567523002625,0,0,8,0,0
small,fp32,adaptive_rank_tol0.2,0.2,16384,ok,11.10051155090332,11.04212760925293,11.230799674987793,10.983424186706543,15,3,256.69140625,393.146484375,True,0.1301192194223404,0.14989599585533142,8,0,0,0,0
small,fp32,adaptive_rank_fb_tol0.2,0.2,16384,ok,11.25171184539795,11.115919589996338,11.297967910766602,10.98310375213623,15,3,256.69140625,393.146484375,True,0.1301192194223404,0.14989599585533142,8,0,0,0,0
small,fp32,adaptive_rank_tol0.4,0.4,16384,ok,11.141823768615723,11.121439933776855,11.178271770477295,11.083776473999023,15,3,256.69140625,393.146484375,True,0.1301192194223404,0.14989599585533142,8,0,0,0,0
small,fp32,adaptive_rank_fb_tol0.4,0.4,16384,ok,11.167872428894043,11.096879959106445,11.356880187988281,10.8887357711792,15,3,256.69140625,393.146484375,True,0.1301192194223404,0.14989599585533142,8,0,0,0,0
small,fp32,sdpa,,65536,ok,3546.01904296875,3513.314208984375,3554.859130859375,3500.332763671875,7,0,128.0,520.4541015625,True,,,,,,,
small,fp32,rf64,,65536,ok,29.333471298217773,29.149264335632324,29.570735931396484,28.730016708374023,15,3,514.126953125,906.5810546875,True,,,,,,,
small,fp32,rf256,,65536,ok,69.87593841552734,69.45635223388672,70.368896484375,68.7542724609375,15,3,1666.0,2058.4541015625,True,,,,,,,
small,fp32,rf1024,,65536,ok,251.0049285888672,249.3668975830078,251.40721893310547,247.22230529785156,15,3,6274.0,6666.4541015625,True,,,,,,,
small,fp32,adaptive_rank,0.1,65536,ok,116.80563354492188,115.60540771484375,118.80373001098633,114.5836181640625,15,3,2306.0966796875,2698.5517578125,True,,,0,8,0,0,0
small,fp32,adaptive_rank_fb,0.1,65536,ok,116.84473419189453,115.55327987670898,118.09185791015625,113.77101135253906,15,3,2306.0966796875,2698.5517578125,True,,,0,8,0,0,0
small,fp32,adaptive_rank_tol0.05,0.05,65536,ok,364.4554748535156,364.08375549316406,364.77870178222656,362.8703918457031,15,3,3585.0966796875,3977.5517578125,True,,,0,0,8,0,0
small,fp32,adaptive_rank_fb_tol0.05,0.05,65536,ok,365.79327392578125,364.68809509277344,368.2839050292969,363.9277038574219,15,3,3585.0966796875,3977.5517578125,True,,,0,0,8,0,0
small,fp32,adaptive_rank_tol0.2,0.2,65536,ok,43.20671844482422,42.01740837097168,44.03302574157715,41.68348693847656,15,3,1026.19140625,1418.646484375,True,,,8,0,0,0,0
small,fp32,adaptive_rank_fb_tol0.2,0.2,65536,ok,42.75001525878906,42.23491096496582,43.45254325866699,41.75872039794922,15,3,1026.19140625,1418.646484375,True,,,8,0,0,0,0
small,fp32,adaptive_rank_tol0.4,0.4,65536,ok,43.017215728759766,42.632240295410156,43.78350257873535,42.20115280151367,15,3,1026.19140625,1418.646484375,True,,,8,0,0,0,0
small,fp32,adaptive_rank_fb_tol0.4,0.4,65536,ok,42.91379165649414,42.24295997619629,43.72119903564453,41.93779373168945,15,3,1026.19140625,1418.646484375,True,,,8,0,0,0,0
small,fp16,sdpa,,1024,ok,0.23667199909687042,0.23555200546979904,0.23953600227832794,0.23347200453281403,15,3,1.0,14.4541015625,True,0.0002714947913773358,0.000291997566819191,,,,,
small,fp16,rf64,,1024,ok,0.6226879954338074,0.611055999994278,0.6677599847316742,0.5816320180892944,15,3,14.158203125,27.6123046875,True,0.13394057750701904,0.15938277542591095,,,,,
small,fp16,rf256,,1024,ok,1.2305279970169067,1.2185919880867004,1.2556639909744263,1.1900800466537476,15,3,38.50830078125,51.96240234375,True,0.06514447927474976,0.08306298404932022,,,,,
small,fp16,rf1024,,1024,ok,3.590143918991089,3.4392319917678833,3.651792049407959,3.4058239459991455,15,3,104.03125,117.4853515625,True,0.03274539113044739,0.037603527307510376,,,,,
small,fp16,adaptive_rank,0.1,1024,ok,3.2435519695281982,3.2237759828567505,3.3415679931640625,3.1618878841400146,15,3,48.60498046875,62.06005859375,True,0.06514447927474976,0.08306298404932022,0,8,0,0,0
small,fp16,adaptive_rank_fb,0.1,1024,ok,3.4888319969177246,3.3771519660949707,3.664240002632141,3.323904037475586,15,3,48.60498046875,62.06005859375,True,0.06514447927474976,0.08306298404932022,0,8,0,0,0
small,fp16,adaptive_rank_tol0.05,0.05,1024,ok,7.792640209197998,7.547199964523315,7.8845601081848145,7.194752216339111,15,3,114.1279296875,127.5830078125,True,0.03274539113044739,0.037603527307510376,0,0,8,0,0
small,fp16,adaptive_rank_fb_tol0.05,0.05,1024,ok,7.458816051483154,7.373648166656494,7.530832052230835,7.157760143280029,15,3,114.1279296875,127.5830078125,True,0.03274539113044739,0.037603527307510376,0,0,8,0,0
small,fp16,adaptive_rank_tol0.2,0.2,1024,ok,1.8440639972686768,1.7777119874954224,1.9070079922676086,1.741152048110962,15,3,22.22265625,35.677734375,True,0.13394057750701904,0.15938277542591095,8,0,0,0,0
small,fp16,adaptive_rank_fb_tol0.2,0.2,1024,ok,1.869663953781128,1.8217599987983704,1.928048014640808,1.738976001739502,15,3,22.22265625,35.677734375,True,0.13394057750701904,0.15938277542591095,8,0,0,0,0
small,fp16,adaptive_rank_tol0.4,0.4,1024,ok,1.9537919759750366,1.8745920062065125,2.3532960414886475,1.7534079551696777,15,3,22.22265625,35.677734375,True,0.13394057750701904,0.15938277542591095,8,0,0,0,0
small,fp16,adaptive_rank_fb_tol0.4,0.4,1024,ok,1.7405439615249634,1.690224051475525,1.7880640029907227,1.6548160314559937,15,3,22.22265625,35.677734375,True,0.13394057750701904,0.15938277542591095,8,0,0,0,0
small,fp16,sdpa,,4096,ok,2.570240020751953,2.393728017807007,2.850816011428833,1.9201600551605225,15,3,4.0,32.4541015625,True,0.00026656934642232955,0.00027541787130758166,,,,,
small,fp16,rf64,,4096,ok,2.0565760135650635,2.0389440059661865,2.082655906677246,2.030400037765503,15,3,56.251953125,84.7060546875,True,0.12582287192344666,0.1435844600200653,,,,,
small,fp16,rf256,,4096,ok,4.44595193862915,4.280144214630127,4.612303972244263,4.265215873718262,15,3,128.125,156.5791015625,True,0.061140019446611404,0.0662490725517273,,,,,
small,fp16,rf1024,,4096,ok,15.299360275268555,15.22214412689209,15.469312191009521,14.831616401672363,15,3,416.125,444.5791015625,True,0.02997353859245777,0.033606935292482376,,,,,
small,fp16,adaptive_rank,0.1,4096,ok,8.427007675170898,8.391680240631104,8.470799922943115,8.235103607177734,15,3,168.2216796875,196.6767578125,True,0.061140019446611404,0.0662490725517273,0,8,0,0,0
small,fp16,adaptive_rank_fb,0.1,4096,ok,8.338144302368164,8.282591819763184,8.377135753631592,7.995232105255127,15,3,168.2216796875,196.6767578125,True,0.061140019446611404,0.0662490725517273,0,8,0,0,0
small,fp16,adaptive_rank_tol0.05,0.05,4096,ok,24.248319625854492,23.959471702575684,24.672207832336426,23.668575286865234,15,3,456.2216796875,484.6767578125,True,0.02997353859245777,0.033606935292482376,0,0,8,0,0
small,fp16,adaptive_rank_fb_tol0.05,0.05,4096,ok,24.05580711364746,23.97047996520996,24.197808265686035,23.580671310424805,15,3,456.2216796875,484.6767578125,True,0.02997353859245777,0.033606935292482376,0,0,8,0,0
small,fp16,adaptive_rank_tol0.2,0.2,4096,ok,3.5421760082244873,3.4958879947662354,3.5857279300689697,3.4097280502319336,15,3,88.31640625,116.771484375,True,0.12582287192344666,0.1435844600200653,8,0,0,0,0
small,fp16,adaptive_rank_fb_tol0.2,0.2,4096,ok,3.463167905807495,3.435647964477539,3.524608016014099,3.3894400596618652,15,3,88.31640625,116.771484375,True,0.12582287192344666,0.1435844600200653,8,0,0,0,0
small,fp16,adaptive_rank_tol0.4,0.4,4096,ok,3.5703039169311523,3.438655972480774,3.647696018218994,3.35532808303833,15,3,88.31640625,116.771484375,True,0.12582287192344666,0.1435844600200653,8,0,0,0,0
small,fp16,adaptive_rank_fb_tol0.4,0.4,4096,ok,3.5246078968048096,3.5008000135421753,3.5440160036087036,3.4159040451049805,15,3,88.31640625,116.771484375,True,0.12582287192344666,0.1435844600200653,8,0,0,0,0
small,fp16,sdpa,,16384,ok,46.83158493041992,46.63995170593262,47.15644645690918,46.26105499267578,15,3,16.0,104.4541015625,True,0.0002718776522669941,0.0003027348720934242,,,,,
small,fp16,rf64,,16384,ok,8.25324821472168,8.223919868469238,8.455327987670898,8.208895683288574,15,3,224.626953125,313.0810546875,True,0.13011911511421204,0.1498955637216568,,,,,
small,fp16,rf256,,16384,ok,18.059104919433594,17.935359954833984,18.224207878112793,17.874176025390625,15,3,512.5,600.9541015625,True,0.06311459839344025,0.07474023848772049,,,,,
small,fp16,rf1024,,16384,ok,62.34726333618164,61.905216217041016,62.71337699890137,61.55875015258789,15,3,1664.5,1752.9541015625,True,0.03128541260957718,0.03836006671190262,,,,,
small,fp16,adaptive_rank,0.1,16384,ok,30.4617919921875,30.189135551452637,30.566560745239258,30.080415725708008,15,3,672.5966796875,761.0517578125,True,0.06311459839344025,0.07474023848772049,0,8,0,0,0
small,fp16,adaptive_rank_fb,0.1,16384,ok,30.09600067138672,30.00921630859375,30.253024101257324,29.77142333984375,15,3,672.5966796875,761.0517578125,True,0.06311459839344025,0.07474023848772049,0,8,0,0,0
small,fp16,adaptive_rank_tol0.05,0.05,16384,ok,90.6552963256836,90.34004974365234,91.70134353637695,89.3071060180664,15,3,1824.5966796875,1913.0517578125,True,0.03128541260957718,0.03836006671190262,0,0,8,0,0
small,fp16,adaptive_rank_fb_tol0.05,0.05,16384,ok,91.71558380126953,90.0529899597168,92.52537536621094,88.88550567626953,15,3,1824.5966796875,1913.0517578125,True,0.03128541260957718,0.03836006671190262,0,0,8,0,0
small,fp16,adaptive_rank_tol0.2,0.2,16384,ok,11.696096420288086,11.68559980392456,11.760767936706543,11.610079765319824,15,3,352.69140625,441.146484375,True,0.13011911511421204,0.1498955637216568,8,0,0,0,0
small,fp16,adaptive_rank_fb_tol0.2,0.2,16384,ok,11.716480255126953,11.663055896759033,11.855616092681885,11.544575691223145,15,3,352.69140625,441.146484375,True,0.13011911511421204,0.1498955637216568,8,0,0,0,0
small,fp16,adaptive_rank_tol0.4,0.4,16384,ok,11.763263702392578,11.740352153778076,11.814288139343262,11.705696105957031,15,3,352.69140625,441.146484375,True,0.13011911511421204,0.1498955637216568,8,0,0,0,0
small,fp16,adaptive_rank_fb_tol0.4,0.4,16384,ok,11.841952323913574,11.79863977432251,12.01361608505249,11.712320327758789,15,3,352.69140625,441.146484375,True,0.13011911511421204,0.1498955637216568,8,0,0,0,0
small,fp16,sdpa,,65536,ok,768.354736328125,764.8053588867188,771.3067932128906,764.0391235351562,15,3,64.0,264.4541015625,True,,,,,,,
small,fp16,rf64,,65536,ok,33.144832611083984,32.9813117980957,33.32609558105469,32.88022232055664,15,3,898.126953125,1098.5810546875,True,,,,,,,
small,fp16,rf256,,65536,ok,74.15827178955078,73.33321762084961,74.939697265625,71.87427520751953,15,3,2050.0,2250.4541015625,True,,,,,,,
small,fp16,rf1024,,65536,ok,258.9276428222656,256.7202911376953,259.9583282470703,254.62474060058594,15,3,6658.0,6858.4541015625,True,,,,,,,
small,fp16,adaptive_rank,0.1,65536,ok,120.4695053100586,119.65476608276367,121.00675201416016,117.91036987304688,15,3,2690.0966796875,2890.5517578125,True,,,0,8,0,0,0
small,fp16,adaptive_rank_fb,0.1,65536,ok,121.1780776977539,120.70683288574219,121.43724822998047,120.28096008300781,15,3,2690.0966796875,2890.5517578125,True,,,0,8,0,0,0
small,fp16,adaptive_rank_tol0.05,0.05,65536,ok,366.7632141113281,365.4179229736328,371.02207946777344,364.2687072753906,15,3,3969.0966796875,4169.5517578125,True,,,0,0,8,0,0
small,fp16,adaptive_rank_fb_tol0.05,0.05,65536,ok,365.15838623046875,364.49749755859375,367.46971130371094,364.25885009765625,15,3,3969.0966796875,4169.5517578125,True,,,0,0,8,0,0
small,fp16,adaptive_rank_tol0.2,0.2,65536,ok,45.469696044921875,44.78982353210449,46.31455993652344,44.194847106933594,15,3,1410.19140625,1610.646484375,True,,,8,0,0,0,0
small,fp16,adaptive_rank_fb_tol0.2,0.2,65536,ok,45.26540756225586,45.02756690979004,45.94673538208008,44.19891357421875,15,3,1410.19140625,1610.646484375,True,,,8,0,0,0,0
small,fp16,adaptive_rank_tol0.4,0.4,65536,ok,45.05392074584961,44.78572654724121,46.51417541503906,44.58806228637695,15,3,1410.19140625,1610.646484375,True,,,8,0,0,0,0
small,fp16,adaptive_rank_fb_tol0.4,0.4,65536,ok,45.24252700805664,44.894880294799805,46.65956687927246,44.304927825927734,15,3,1410.19140625,1610.646484375,True,,,8,0,0,0,0
mixed,fp32,sdpa,,1024,ok,0.78438401222229,0.7813439965248108,0.8806720077991486,0.7782400250434875,15,3,2.0,18.4541015625,True,0.0,0.0,,,,,
mixed,fp32,rf64,,1024,ok,0.5980160236358643,0.568560004234314,0.6508159935474396,0.5426880121231079,15,3,8.158203125,24.6123046875,True,1.2292366027832031,3.9453341960906982,,,,,
mixed,fp32,rf256,,1024,ok,1.062880039215088,1.057472050189972,1.0659680366516113,1.052351951599121,15,3,32.50830078125,48.96240234375,True,1.2991142272949219,4.405871868133545,,,,,
mixed,fp32,rf1024,,1024,ok,3.507999897003174,3.4203039407730103,3.631103992462158,3.348479986190796,15,3,98.03125,114.4853515625,True,0.7982333898544312,3.0659453868865967,,,,,
mixed,fp32,adaptive_rank,0.1,1024,ok,5.82473611831665,5.7641119956970215,6.020480155944824,5.728960037231445,15,3,69.98388671875,86.43896484375,True,0.8155001401901245,3.0659453868865967,2,1,5,0,5
mixed,fp32,adaptive_rank_fb,0.1,1024,ok,6.797440052032471,6.684079885482788,7.3406081199646,6.461952209472656,15,3,69.98388671875,86.43896484375,True,0.026897761970758438,0.091852106153965,2,1,0,5,0
mixed,fp32,adaptive_rank_tol0.05,0.05,1024,ok,6.350848197937012,6.2889440059661865,6.5862720012664795,6.154240131378174,15,3,83.9912109375,100.4462890625,True,0.8049943447113037,3.0659453868865967,1,1,6,0,5
mixed,fp32,adaptive_rank_fb_tol0.05,0.05,1024,ok,7.374335765838623,7.223168134689331,7.43617582321167,7.108223915100098,15,3,83.9912109375,100.4462890625,True,0.016392020508646965,0.04607962444424629,1,1,1,5,0
mixed,fp32,adaptive_rank_tol0.2,0.2,1024,ok,5.630847930908203,5.601823806762695,5.713199853897095,5.493599891662598,15,3,68.97998046875,85.43505859375,True,0.8267719745635986,3.0659453868865967,3,0,5,0,3
mixed,fp32,adaptive_rank_fb_tol0.2,0.2,1024,ok,6.343967914581299,6.321775913238525,6.411679983139038,6.256383895874023,15,3,68.97998046875,85.43505859375,True,0.08039525896310806,0.2248048633337021,3,0,2,3,0
mixed,fp32,adaptive_rank_tol0.4,0.4,1024,ok,4.853888034820557,4.798480033874512,4.9202880859375,4.778719902038574,15,3,52.09326171875,68.54833984375,True,0.8817417025566101,3.0659453868865967,4,1,3,0,3
mixed,fp32,adaptive_rank_fb_tol0.4,0.4,1024,ok,5.716063976287842,5.593775987625122,7.073487997055054,5.492735862731934,15,3,52.09326171875,68.54833984375,True,0.13536497950553894,0.40959858894348145,4,1,0,3,0
mixed,fp32,sdpa,,4096,ok,12.847488403320312,12.806303977966309,13.160575866699219,12.58403205871582,15,3,8.0,48.4541015625,True,0.0,0.0,,,,,
mixed,fp32,rf64,,4096,ok,1.8288960456848145,1.8235840201377869,1.875760018825531,1.8186240196228027,15,3,32.251953125,72.7060546875,True,1.497093677520752,5.68854284286499,,,,,
mixed,fp32,rf256,,4096,ok,4.208767890930176,4.105599880218506,4.400063991546631,4.065279960632324,15,3,104.125,144.5791015625,True,1.2308207750320435,4.959837436676025,,,,,
mixed,fp32,rf1024,,4096,ok,15.011808395385742,14.990384101867676,15.086559772491455,14.614527702331543,15,3,392.125,432.5791015625,True,0.9666770696640015,4.4605207443237305,,,,,
mixed,fp32,adaptive_rank,0.1,4096,ok,17.381376266479492,17.296480178833008,17.589248657226562,17.13920021057129,15,3,275.1669921875,315.6220703125,True,0.9841263294219971,4.4605207443237305,2,1,5,0,4
mixed,fp32,adaptive_rank_fb,0.1,4096,ok,28.188671112060547,27.847984313964844,28.352543830871582,27.52364730834961,15,3,542.0859375,582.541015625,True,0.039921000599861145,0.10440167784690857,2,1,1,4,0
mixed,fp32,adaptive_rank_tol0.05,0.05,4096,ok,20.24857521057129,20.05384063720703,20.406319618225098,19.87558364868164,15,3,328.1865234375,368.6416015625,True,0.9726481437683105,4.4605207443237305,1,1,6,0,5
mixed,fp32,adaptive_rank_fb_tol0.05,0.05,4096,ok,33.547393798828125,33.21767997741699,33.89035224914551,32.89430236816406,15,3,674.08984375,714.544921875,True,0.015392831526696682,0.0492229126393795,1,1,1,5,0
mixed,fp32,adaptive_rank_tol0.2,0.2,4096,ok,17.057279586791992,16.968496322631836,17.349743843078613,16.86444854736328,15,3,273.1630859375,313.6181640625,True,0.9959869384765625,4.4605207443237305,3,0,5,0,4
mixed,fp32,adaptive_rank_fb_tol0.2,0.2,4096,ok,28.11644744873047,27.82481575012207,29.04697608947754,27.324447631835938,15,3,542.0859375,582.541015625,True,0.05178161710500717,0.19330540299415588,3,0,1,4,0
mixed,fp32,adaptive_rank_tol0.4,0.4,4096,ok,14.528512001037598,14.380095958709717,14.632960319519043,14.304448127746582,15,3,220.1435546875,260.5986328125,True,1.032800555229187,4.4605207443237305,4,0,4,0,3
mixed,fp32,adaptive_rank_fb_tol0.4,0.4,4096,ok,22.56243133544922,22.280816078186035,22.83836841583252,21.89468765258789,15,3,410.95703125,451.412109375,True,0.12091213464736938,0.39891019463539124,4,0,1,3,0
mixed,fp32,sdpa,,16384,ok,203.75897216796875,203.57745361328125,205.00682067871094,201.8877410888672,15,3,32.0,168.4541015625,True,0.0,0.0,,,,,
mixed,fp32,rf64,,16384,ok,7.354368209838867,7.332112073898315,7.411952018737793,7.301152229309082,15,3,128.626953125,265.0810546875,True,1.9385809898376465,8.601009368896484,,,,,
mixed,fp32,rf256,,16384,ok,17.29852867126465,17.232656478881836,17.379311561584473,17.064672470092773,15,3,416.5,552.9541015625,True,1.4690889120101929,6.820095539093018,,,,,
mixed,fp32,rf1024,,16384,ok,62.06422424316406,61.75811195373535,62.91465759277344,61.31916809082031,15,3,1568.5,1704.9541015625,True,1.3299213647842407,6.522817134857178,,,,,
mixed,fp32,adaptive_rank,0.1,16384,ok,64.49561309814453,64.4166259765625,65.10979080200195,64.1760025024414,15,3,1096.4013671875,1232.8564453125,True,1.3485753536224365,6.522817134857178,2,1,5,0,5
mixed,fp32,adaptive_rank_fb,0.1,16384,ok,343.7855224609375,342.71630859375,346.67266845703125,341.5941467285156,15,3,10372.0859375,10508.541015625,True,0.027656730264425278,0.09441777318716049,2,1,0,5,0
mixed,fp32,adaptive_rank_tol0.05,0.05,16384,ok,74.59385681152344,73.85531234741211,75.71356582641602,73.1484146118164,15,3,1308.4677734375,1444.9228515625,True,1.3361749649047852,6.522817134857178,1,1,6,0,5
mixed,fp32,adaptive_rank_fb_tol0.05,0.05,16384,ok,357.4341735839844,355.39796447753906,358.7871551513672,350.8493347167969,15,3,10376.08984375,10512.544921875,True,0.015256412327289581,0.04697447270154953,1,1,1,5,0
mixed,fp32,adaptive_rank_tol0.2,0.2,16384,ok,63.1541748046875,62.61532783508301,64.11774444580078,62.18214416503906,15,3,1092.3974609375,1228.8525390625,True,1.3591480255126953,6.522817134857178,3,0,5,0,4
mixed,fp32,adaptive_rank_fb_tol0.2,0.2,16384,ok,286.20745849609375,284.6188507080078,289.2680206298828,279.6767883300781,15,3,8308.0859375,8444.541015625,True,0.05220746248960495,0.17899945378303528,3,0,1,4,0
mixed,fp32,adaptive_rank_tol0.4,0.4,16384,ok,46.8078727722168,46.6005744934082,47.231727600097656,46.100128173828125,15,3,672.2685546875,808.7236328125,True,1.4165151119232178,6.522817134857178,4,1,3,0,3
mixed,fp32,adaptive_rank_fb_tol0.4,0.4,16384,ok,209.49874877929688,208.31854248046875,212.4422607421875,205.2321319580078,15,3,6236.078125,6372.533203125,True,0.13749241828918457,0.41500309109687805,4,1,0,3,0
mixed,fp32,sdpa,,65536,ok,3529.11572265625,3520.8233642578125,3544.06689453125,3485.978759765625,7,0,128.0,520.4541015625,True,,,,,,,
mixed,fp32,rf64,,65536,ok,29.253631591796875,28.96824073791504,29.378751754760742,28.582271575927734,15,3,514.126953125,906.5810546875,True,,,,,,,
mixed,fp32,rf256,,65536,ok,69.42233276367188,68.9678726196289,69.73099136352539,68.2347183227539,15,3,1666.0,2058.4541015625,True,,,,,,,
mixed,fp32,rf1024,,65536,ok,250.4090576171875,249.44630432128906,251.26776123046875,247.8817901611328,15,3,6274.0,6666.4541015625,True,,,,,,,
mixed,fp32,adaptive_rank,0.1,65536,ok,287.46051025390625,285.53782653808594,289.5273742675781,284.3067321777344,15,3,3553.0888671875,3945.5439453125,True,,,2,0,6,0,5
mixed,fp32,adaptive_rank_fb,0.1,65536,oom,,,,,,,,,,,,,,,,
mixed,fp32,adaptive_rank_tol0.05,0.05,65536,ok,301.5147705078125,300.8525390625,303.51165771484375,293.91705322265625,15,3,3569.0927734375,3961.54736328125,True,,,1,1,6,0,6
mixed,fp32,adaptive_rank_fb_tol0.05,0.05,65536,oom,,,,,,,,,,,,,,,,
mixed,fp32,adaptive_rank_tol0.2,0.2,65536,ok,224.25257873535156,222.6352310180664,226.50367736816406,222.3574676513672,15,3,3553.0888671875,3945.54345703125,True,,,2,2,4,0,4
mixed,fp32,adaptive_rank_fb_tol0.2,0.2,65536,oom,,,,,,,,,,,,,,,,
mixed,fp32,adaptive_rank_tol0.4,0.4,65536,ok,182.39138793945312,182.0676040649414,183.3881072998047,181.1328582763672,15,3,2688.8310546875,3081.28564453125,True,,,4,1,3,0,3
mixed,fp32,adaptive_rank_fb_tol0.4,0.4,65536,oom,,,,,,,,,,,,,,,,
mixed,fp16,sdpa,,1024,ok,0.20745599269866943,0.20625600218772888,0.21273599565029144,0.20364800095558167,15,3,1.0,14.4541015625,True,0.00028183660469949245,0.0003183229418937117,,,,,
mixed,fp16,rf64,,1024,ok,0.6587839722633362,0.6454399824142456,0.7211520075798035,0.608128011226654,15,3,14.158203125,27.6123046875,True,1.2291568517684937,3.945204257965088,,,,,
mixed,fp16,rf256,,1024,ok,1.1111680269241333,1.1032000184059143,1.1222879886627197,1.0975359678268433,15,3,38.50830078125,51.96240234375,True,1.2991323471069336,4.405994892120361,,,,,
mixed,fp16,rf1024,,1024,ok,3.531359910964966,3.4684319496154785,3.855664014816284,3.3807361125946045,15,3,104.03125,117.4853515625,True,0.7981992363929749,3.0658488273620605,,,,,
mixed,fp16,adaptive_rank,0.1,1024,ok,5.898943901062012,5.829888105392456,6.809760093688965,5.701824188232422,15,3,75.98388671875,89.43896484375,True,0.8154643774032593,3.0658488273620605,2,1,5,0,5
mixed,fp16,adaptive_rank_fb,0.1,1024,ok,6.74502420425415,6.68942403793335,6.833807945251465,6.674560070037842,15,3,75.98388671875,89.43896484375,True,0.027026567608118057,0.09184842556715012,2,1,0,5,0
mixed,fp16,adaptive_rank_tol0.05,0.05,1024,ok,6.348800182342529,6.315808057785034,6.52622389793396,6.240511894226074,15,3,89.9912109375,103.4462890625,True,0.8049595355987549,3.0658488273620605,1,1,6,0,5
mixed,fp16,adaptive_rank_fb_tol0.05,0.05,1024,ok,7.409823894500732,7.3308799266815186,7.4826719760894775,7.152991771697998,15,3,89.9912109375,103.4462890625,True,0.01652170903980732,0.046078890562057495,1,1,1,5,0
mixed,fp16,adaptive_rank_tol0.2,0.2,1024,ok,5.742591857910156,5.668144226074219,6.104400157928467,5.559807777404785,15,3,74.97998046875,88.43505859375,True,0.826736569404602,3.0658488273620605,3,0,5,0,3
mixed,fp16,adaptive_rank_fb_tol0.2,0.2,1024,ok,6.754303932189941,6.7078399658203125,6.834656000137329,6.637631893157959,15,3,74.97998046875,88.43505859375,True,0.08047027885913849,0.2247910499572754,3,0,2,3,0
mixed,fp16,adaptive_rank_tol0.4,0.4,1024,ok,5.17193603515625,5.038400173187256,5.287696123123169,4.885503768920898,15,3,58.09326171875,71.54833984375,True,0.8817100524902344,3.0658488273620605,4,1,3,0,3
mixed,fp16,adaptive_rank_fb_tol0.4,0.4,1024,ok,5.919712066650391,5.773679971694946,6.021519899368286,5.579264163970947,15,3,58.09326171875,71.54833984375,True,0.13544364273548126,0.4096078872680664,4,1,0,3,0
mixed,fp16,sdpa,,4096,ok,2.7137279510498047,1.9511359930038452,2.771151900291443,1.9292160272598267,15,3,4.0,32.4541015625,True,0.0002796220942400396,0.00030083436286076903,,,,,
mixed,fp16,rf64,,4096,ok,2.0446720123291016,2.03329598903656,2.06878399848938,2.0279040336608887,15,3,56.251953125,84.7060546875,True,1.4970834255218506,5.688937664031982,,,,,
mixed,fp16,rf256,,4096,ok,4.551296234130859,4.339327812194824,4.638336181640625,4.243616104125977,15,3,128.125,156.5791015625,True,1.230847954750061,4.96052885055542,,,,,
mixed,fp16,rf1024,,4096,ok,15.342623710632324,15.271728038787842,15.407055854797363,14.959039688110352,15,3,416.125,444.5791015625,True,0.9666017293930054,4.460163593292236,,,,,
mixed,fp16,adaptive_rank,0.1,4096,ok,17.564224243164062,17.45025634765625,17.776464462280273,17.271263122558594,15,3,299.1669921875,327.6220703125,True,0.9840513467788696,4.460163593292236,2,1,5,0,4
mixed,fp16,adaptive_rank_fb,0.1,4096,ok,28.362272262573242,28.21384048461914,28.667984008789062,27.789472579956055,15,3,566.0859375,594.541015625,True,0.040025003254413605,0.10440516471862793,2,1,1,4,0
mixed,fp16,adaptive_rank_tol0.05,0.05,4096,ok,19.88707160949707,19.654815673828125,20.022480010986328,19.474655151367188,15,3,352.1865234375,380.6416015625,True,0.9725731611251831,4.4601640701293945,1,1,6,0,5
mixed,fp16,adaptive_rank_fb_tol0.05,0.05,4096,ok,33.01536178588867,32.735984802246094,33.462270736694336,32.52288055419922,15,3,698.08984375,726.544921875,True,0.015521635301411152,0.04922096058726311,1,1,1,5,0
mixed,fp16,adaptive_rank_tol0.2,0.2,4096,ok,17.002687454223633,16.964943885803223,17.185120582580566,16.953983306884766,15,3,298.1630859375,326.6181640625,True,0.9959120154380798,4.460163593292236,3,0,5,0,4
mixed,fp16,adaptive_rank_fb_tol0.2,0.2,4096,ok,27.726943969726562,27.518159866333008,28.101632118225098,27.429248809814453,15,3,565.0859375,593.541015625,True,0.05188567936420441,0.19330288469791412,3,0,1,4,0
mixed,fp16,adaptive_rank_tol0.4,0.4,4096,ok,14.649984359741211,14.583791732788086,14.791247844696045,14.354880332946777,15,3,244.1435546875,272.5986328125,True,1.032724380493164,4.460163593292236,4,0,4,0,3
mixed,fp16,adaptive_rank_fb_tol0.4,0.4,4096,ok,22.77244758605957,22.57811164855957,23.365471839904785,22.341472625732422,15,3,433.95703125,462.412109375,True,0.1209874153137207,0.39890390634536743,4,0,1,3,0
mixed,fp16,sdpa,,16384,ok,47.21123123168945,47.00531196594238,47.42401695251465,46.7578239440918,15,3,16.0,104.4541015625,True,0.0002822544483933598,0.00030510968645103276,,,,,
mixed,fp16,rf64,,16384,ok,8.462528228759766,8.295231819152832,8.67248010635376,8.23964786529541,15,3,224.626953125,313.0810546875,True,1.93861985206604,8.601717948913574,,,,,
mixed,fp16,rf256,,16384,ok,18.12726402282715,18.048272132873535,18.203231811523438,17.897472381591797,15,3,512.5,600.9541015625,True,1.4689772129058838,6.819892406463623,,,,,
mixed,fp16,rf1024,,16384,ok,63.0975341796875,62.95707130432129,63.76791954040527,62.36003112792969,15,3,1664.5,1752.9541015625,True,1.329986333847046,6.52331018447876,,,,,
mixed,fp16,adaptive_rank,0.1,16384,ok,65.35577392578125,65.1082878112793,66.04972839355469,64.80892944335938,15,3,1192.4013671875,1280.8564453125,True,1.348639965057373,6.52331018447876,2,1,5,0,5
mixed,fp16,adaptive_rank_fb,0.1,16384,ok,341.391357421875,338.66798400878906,342.49717712402344,336.7813415527344,15,3,10468.0859375,10556.541015625,True,0.02778426744043827,0.09441954642534256,2,1,0,5,0
mixed,fp16,adaptive_rank_tol0.05,0.05,16384,ok,75.33363342285156,74.8637580871582,76.22859191894531,73.6550064086914,15,3,1404.4677734375,1492.9228515625,True,1.3362396955490112,6.52331018447876,1,1,6,0,5
mixed,fp16,adaptive_rank_fb_tol0.05,0.05,16384,ok,344.7689514160156,343.0654602050781,348.6395721435547,339.30645751953125,15,3,10472.08984375,10560.544921875,True,0.015383962541818619,0.04697560891509056,1,1,1,5,0
mixed,fp16,adaptive_rank_tol0.2,0.2,16384,ok,63.34086227416992,63.18280029296875,64.06636810302734,62.78163146972656,15,3,1188.3974609375,1276.8525390625,True,1.359212875366211,6.52331018447876,3,0,5,0,4
mixed,fp16,adaptive_rank_fb_tol0.2,0.2,16384,ok,279.1470031738281,278.7254943847656,280.9867401123047,276.82208251953125,15,3,8404.0859375,8492.541015625,True,0.0523100271821022,0.17900310456752777,3,0,1,4,0
mixed,fp16,adaptive_rank_tol0.4,0.4,16384,ok,47.320640563964844,47.0592155456543,47.69915199279785,46.75084686279297,15,3,768.2685546875,856.7236328125,True,1.4165804386138916,6.52331018447876,4,1,3,0,3
mixed,fp16,adaptive_rank_fb_tol0.4,0.4,16384,ok,202.5463409423828,201.9753646850586,202.9414825439453,199.74339294433594,15,3,6332.078125,6420.533203125,True,0.13757053017616272,0.4150068759918213,4,1,0,3,0
mixed,fp16,sdpa,,65536,ok,760.4387817382812,758.642578125,762.1714477539062,754.261962890625,15,3,64.0,264.4541015625,True,,,,,,,
mixed,fp16,rf64,,65536,ok,33.07929611206055,32.98323059082031,33.30636787414551,32.495967864990234,15,3,898.126953125,1098.5810546875,True,,,,,,,
mixed,fp16,rf256,,65536,ok,72.71376037597656,72.1397590637207,73.83208084106445,71.09632110595703,15,3,2050.0,2250.4541015625,True,,,,,,,
mixed,fp16,rf1024,,65536,ok,256.2908630371094,254.79438018798828,256.8503875732422,251.64390563964844,15,3,6658.0,6858.4541015625,True,,,,,,,
mixed,fp16,adaptive_rank,0.1,65536,ok,295.5020446777344,289.92152404785156,297.713623046875,287.7299499511719,15,3,3937.0888671875,4137.5439453125,True,,,2,0,6,0,5
mixed,fp16,adaptive_rank_fb,0.1,65536,oom,,,,,,,,,,,,,,,,
mixed,fp16,adaptive_rank_tol0.05,0.05,65536,ok,303.39898681640625,303.30323791503906,303.52886962890625,302.3155517578125,15,3,3953.0927734375,4153.54736328125,True,,,1,1,6,0,6
mixed,fp16,adaptive_rank_fb_tol0.05,0.05,65536,oom,,,,,,,,,,,,,,,,
mixed,fp16,adaptive_rank_tol0.2,0.2,65536,ok,227.20101928710938,225.58220672607422,230.4454116821289,224.4484405517578,15,3,3937.0888671875,4137.54345703125,True,,,2,2,4,0,4
mixed,fp16,adaptive_rank_fb_tol0.2,0.2,65536,oom,,,,,,,,,,,,,,,,
mixed,fp16,adaptive_rank_tol0.4,0.4,65536,ok,184.483642578125,184.03926849365234,185.40296173095703,183.61415100097656,15,3,3072.8310546875,3273.28564453125,True,,,4,1,3,0,3
mixed,fp16,adaptive_rank_fb_tol0.4,0.4,65536,oom,,,,,,,,,,,,,,,,
large,fp32,sdpa,,1024,ok,0.7032639980316162,0.7023680210113525,0.7116959989070892,0.6983680129051208,15,3,2.0,18.4541015625,True,0.0,0.0,,,,,
large,fp32,rf64,,1024,ok,0.5610880255699158,0.5468479990959167,0.5807520151138306,0.5283839702606201,15,3,8.158203125,24.6123046875,True,4.179322719573975,4.675276279449463,,,,,
large,fp32,rf256,,1024,ok,1.063647985458374,1.0607200264930725,1.0792959928512573,1.052448034286499,15,3,32.50830078125,48.96240234375,True,4.494388103485107,6.151819705963135,,,,,
large,fp32,rf1024,,1024,ok,3.577824115753174,3.351151943206787,3.764448046684265,3.3336639404296875,15,3,98.03125,114.4853515625,True,3.4678893089294434,4.138008117675781,,,,,
large,fp32,adaptive_rank,0.1,1024,ok,7.125855922698975,7.0900959968566895,7.2620320320129395,7.020959854125977,15,3,108.1279296875,124.5830078125,True,3.4678893089294434,4.138008117675781,0,0,8,0,8
large,fp32,adaptive_rank_fb,0.1,1024,ok,8.517279624938965,8.44601583480835,9.064224243164062,8.228704452514648,15,3,108.1279296875,124.5830078125,True,8.17650629869604e-07,8.328131571033737e-07,0,0,0,8,0
large,fp32,adaptive_rank_tol0.05,0.05,1024,ok,7.149439811706543,7.080656051635742,7.193439960479736,6.918879985809326,15,3,108.1279296875,124.5830078125,True,3.4678893089294434,4.138008117675781,0,0,8,0,8
large,fp32,adaptive_rank_fb_tol0.05,0.05,1024,ok,8.51801586151123,8.479376316070557,8.680447578430176,8.232959747314453,15,3,108.1279296875,124.5830078125,True,8.17650629869604e-07,8.328131571033737e-07,0,0,0,8,0
large,fp32,adaptive_rank_tol0.2,0.2,1024,ok,7.113728046417236,7.032415866851807,7.273600101470947,6.9291839599609375,15,3,108.1279296875,124.5830078125,True,3.4678893089294434,4.138008117675781,0,0,8,0,8
large,fp32,adaptive_rank_fb_tol0.2,0.2,1024,ok,8.566783905029297,8.511104106903076,8.657920360565186,8.22326374053955,15,3,108.1279296875,124.5830078125,True,8.17650629869604e-07,8.328131571033737e-07,0,0,0,8,0
large,fp32,adaptive_rank_tol0.4,0.4,1024,ok,7.1941118240356445,7.097120046615601,7.7474400997161865,7.041247844696045,15,3,108.1279296875,124.5830078125,True,3.4678893089294434,4.138008117675781,0,0,8,0,8
large,fp32,adaptive_rank_fb_tol0.4,0.4,1024,ok,8.487680435180664,8.389344215393066,8.536624431610107,8.254591941833496,15,3,108.1279296875,124.5830078125,True,8.17650629869604e-07,8.328131571033737e-07,0,0,0,8,0
large,fp32,sdpa,,4096,ok,13.234175682067871,12.95036792755127,13.26203203201294,12.8504638671875,15,3,8.0,48.4541015625,True,0.0,0.0,,,,,
large,fp32,rf64,,4096,ok,1.847040057182312,1.8001919984817505,1.8485920429229736,1.7955199480056763,15,3,32.251953125,72.7060546875,True,6.399742603302002,10.004034042358398,,,,,
large,fp32,rf256,,4096,ok,4.298272132873535,4.076560020446777,4.55243182182312,4.067391872406006,15,3,104.125,144.5791015625,True,5.651071548461914,6.518479824066162,,,,,
large,fp32,rf1024,,4096,ok,15.122719764709473,14.999696254730225,15.285200119018555,14.362943649291992,15,3,392.125,432.5791015625,True,5.33656120300293,7.245075225830078,,,,,
large,fp32,adaptive_rank,0.1,4096,ok,23.70083236694336,23.422832489013672,23.82528018951416,23.177215576171875,15,3,432.2216796875,472.6767578125,True,5.33656120300293,7.245075225830078,0,0,8,0,8
large,fp32,adaptive_rank_fb,0.1,4096,ok,46.20435333251953,45.967647552490234,47.88632011413574,45.6756477355957,15,3,1072.09765625,1112.552734375,True,1.629912276257528e-06,1.6538567706447793e-06,0,0,0,8,0
large,fp32,adaptive_rank_tol0.05,0.05,4096,ok,23.884031295776367,23.612064361572266,24.046080589294434,23.157855987548828,15,3,432.2216796875,472.6767578125,True,5.33656120300293,7.245075225830078,0,0,8,0,8
large,fp32,adaptive_rank_fb_tol0.05,0.05,4096,ok,46.71900939941406,46.256126403808594,47.99759864807129,45.81407928466797,15,3,1072.09765625,1112.552734375,True,1.629912276257528e-06,1.6538567706447793e-06,0,0,0,8,0
large,fp32,adaptive_rank_tol0.2,0.2,4096,ok,23.813440322875977,23.645359992980957,23.89195156097412,23.48031997680664,15,3,432.2216796875,472.6767578125,True,5.33656120300293,7.245075225830078,0,0,8,0,8
large,fp32,adaptive_rank_fb_tol0.2,0.2,4096,ok,46.87171173095703,46.16996765136719,47.5407829284668,45.420928955078125,15,3,1072.09765625,1112.552734375,True,1.629912276257528e-06,1.6538567706447793e-06,0,0,0,8,0
large,fp32,adaptive_rank_tol0.4,0.4,4096,ok,23.898080825805664,23.744864463806152,24.151328086853027,23.182720184326172,15,3,432.2216796875,472.6767578125,True,5.33656120300293,7.245075225830078,0,0,8,0,8
large,fp32,adaptive_rank_fb_tol0.4,0.4,4096,ok,46.99545669555664,46.00464057922363,47.45929718017578,45.31196975708008,15,3,1072.09765625,1112.552734375,True,1.629912276257528e-06,1.6538567706447793e-06,0,0,0,8,0
large,fp32,sdpa,,16384,ok,207.0200653076172,206.46825408935547,208.21412658691406,206.1444854736328,15,3,32.0,168.4541015625,True,0.0,0.0,,,,,
large,fp32,rf64,,16384,ok,7.408031940460205,7.362576007843018,7.488976001739502,7.302432060241699,15,3,128.626953125,265.0810546875,True,7.356475830078125,8.601009368896484,,,,,
large,fp32,rf256,,16384,ok,17.38547134399414,17.11695957183838,17.46025562286377,17.082592010498047,15,3,416.5,552.9541015625,True,7.528295516967773,10.199264526367188,,,,,
large,fp32,rf1024,,16384,ok,63.4285774230957,62.98961639404297,64.71900939941406,62.341407775878906,15,3,1568.5,1704.9541015625,True,6.8659796714782715,8.834882736206055,,,,,
large,fp32,adaptive_rank,0.1,16384,ok,91.30723571777344,90.67598724365234,92.77452850341797,89.96454620361328,15,3,1728.5966796875,1865.0517578125,True,6.8659796714782715,8.834882736206055,0,0,8,0,8
large,fp32,adaptive_rank_fb,0.1,16384,oom,,,,,,,,,,,,,,,,
large,fp32,adaptive_rank_tol0.05,0.05,16384,ok,90.885986328125,90.36273574829102,91.65996551513672,89.54678344726562,15,3,1728.5966796875,1865.0517578125,True,6.8659796714782715,8.834882736206055,0,0,8,0,8
large,fp32,adaptive_rank_fb_tol0.05,0.05,16384,oom,,,,,,,,,,,,,,,,
large,fp32,adaptive_rank_tol0.2,0.2,16384,ok,91.01264190673828,90.12896347045898,92.17737579345703,89.3542709350586,15,3,1728.5966796875,1865.0517578125,True,6.8659796714782715,8.834882736206055,0,0,8,0,8
large,fp32,adaptive_rank_fb_tol0.2,0.2,16384,oom,,,,,,,,,,,,,,,,
large,fp32,adaptive_rank_tol0.4,0.4,16384,ok,91.44694519042969,90.5584831237793,92.32896041870117,89.22310638427734,15,3,1728.5966796875,1865.0517578125,True,6.8659796714782715,8.834882736206055,0,0,8,0,8
large,fp32,adaptive_rank_fb_tol0.4,0.4,16384,oom,,,,,,,,,,,,,,,,
large,fp32,sdpa,,65536,ok,3573.70654296875,3568.6746826171875,3590.337646484375,3561.204833984375,7,0,128.0,520.45361328125,True,,,,,,,
large,fp32,rf64,,65536,ok,29.337055206298828,29.088672637939453,29.593408584594727,28.691904067993164,15,3,514.126953125,906.58056640625,True,,,,,,,
large,fp32,rf256,,65536,ok,70.00287628173828,69.44267272949219,70.97857666015625,68.83360290527344,15,3,1666.0,2058.45361328125,True,,,,,,,
large,fp32,rf1024,,65536,ok,252.1598663330078,250.60225677490234,253.3042755126953,249.5597381591797,15,3,6274.0,6666.45361328125,True,,,,,,,
large,fp32,adaptive_rank,0.1,65536,ok,365.8142395019531,365.3765106201172,368.675048828125,363.8609313964844,15,3,3585.0966796875,3977.55126953125,True,,,0,0,8,0,8
large,fp32,adaptive_rank_fb,0.1,65536,oom,,,,,,,,,,,,,,,,
large,fp32,adaptive_rank_tol0.05,0.05,65536,ok,366.3664245605469,365.62548828125,370.8928985595703,364.4313659667969,15,3,3585.0966796875,3977.55126953125,True,,,0,0,8,0,8
large,fp32,adaptive_rank_fb_tol0.05,0.05,65536,oom,,,,,,,,,,,,,,,,
large,fp32,adaptive_rank_tol0.2,0.2,65536,ok,373.14520263671875,369.1183319091797,375.7996520996094,366.15972900390625,15,3,3585.0966796875,3977.55126953125,True,,,0,0,8,0,8
large,fp32,adaptive_rank_fb_tol0.2,0.2,65536,oom,,,,,,,,,,,,,,,,
large,fp32,adaptive_rank_tol0.4,0.4,65536,ok,376.7049865722656,372.14801025390625,378.93067932128906,371.10052490234375,15,3,3585.0966796875,3977.55126953125,True,,,0,0,8,0,8
large,fp32,adaptive_rank_fb_tol0.4,0.4,65536,oom,,,,,,,,,,,,,,,,
large,fp16,sdpa,,1024,ok,0.2088959962129593,0.20686399936676025,0.2218720018863678,0.20479999482631683,15,3,1.0,14.4541015625,True,0.0002768496051430702,0.00028517720056697726,,,,,
large,fp16,rf64,,1024,ok,1.032863974571228,0.9958399832248688,1.09307199716568,0.9651200175285339,15,3,14.158203125,27.6123046875,True,4.179372787475586,4.675168991088867,,,,,
large,fp16,rf256,,1024,ok,1.0991679430007935,1.0943360328674316,1.1074559688568115,1.08896005153656,15,3,38.50830078125,51.96240234375,True,4.4943952560424805,6.152322769165039,,,,,
large,fp16,rf1024,,1024,ok,3.6296000480651855,3.40065598487854,3.8171679973602295,3.3653759956359863,15,3,104.03125,117.4853515625,True,3.4678244590759277,4.1382832527160645,,,,,
large,fp16,adaptive_rank,0.1,1024,ok,7.297023773193359,7.206928014755249,7.367072105407715,7.1320319175720215,15,3,114.1279296875,127.5830078125,True,3.4678244590759277,4.1382832527160645,0,0,8,0,8
large,fp16,adaptive_rank_fb,0.1,1024,ok,8.82585620880127,8.74512004852295,8.948575973510742,8.546463966369629,15,3,114.1279296875,127.5830078125,True,0.00020734262943733484,0.00020898708316963166,0,0,0,8,0
large,fp16,adaptive_rank_tol0.05,0.05,1024,ok,7.630847930908203,7.407135963439941,7.673151969909668,7.180287837982178,15,3,114.1279296875,127.5830078125,True,3.4678244590759277,4.1382832527160645,0,0,8,0,8
large,fp16,adaptive_rank_fb_tol0.05,0.05,1024,ok,8.685567855834961,8.651487827301025,9.76916790008545,8.550399780273438,15,3,114.1279296875,127.5830078125,True,0.00020734262943733484,0.00020898708316963166,0,0,0,8,0
large,fp16,adaptive_rank_tol0.2,0.2,1024,ok,7.290495872497559,7.230848073959351,7.3954079151153564,7.182432174682617,15,3,114.1279296875,127.5830078125,True,3.4678244590759277,4.1382832527160645,0,0,8,0,8
large,fp16,adaptive_rank_fb_tol0.2,0.2,1024,ok,8.561759948730469,8.514895915985107,8.592447757720947,8.313471794128418,15,3,114.1279296875,127.5830078125,True,0.00020734262943733484,0.00020898708316963166,0,0,0,8,0
large,fp16,adaptive_rank_tol0.4,0.4,1024,ok,7.284671783447266,7.1924638748168945,7.3175201416015625,7.050879955291748,15,3,114.1279296875,127.5830078125,True,3.4678244590759277,4.1382832527160645,0,0,8,0,8
large,fp16,adaptive_rank_fb_tol0.4,0.4,1024,ok,8.669183731079102,8.570271968841553,8.733136177062988,8.28495979309082,15,3,114.1279296875,127.5830078125,True,0.00020734262943733484,0.00020898708316963166,0,0,0,8,0
large,fp16,sdpa,,4096,ok,2.9020159244537354,2.1283199787139893,2.924896001815796,2.1074559688568115,15,3,4.0,32.4541015625,True,0.0002824955154210329,0.0002865175192710012,,,,,
large,fp16,rf64,,4096,ok,2.0481600761413574,2.0309759378433228,2.0560959577560425,2.0248959064483643,15,3,56.251953125,84.7060546875,True,6.399186611175537,10.002208709716797,,,,,
large,fp16,rf256,,4096,ok,4.550655841827393,4.316351890563965,4.646672010421753,4.265984058380127,15,3,128.125,156.5791015625,True,5.6508989334106445,6.518834590911865,,,,,
large,fp16,rf1024,,4096,ok,15.990816116333008,15.719871997833252,16.12116813659668,15.025983810424805,15,3,416.125,444.5791015625,True,5.336720943450928,7.2474870681762695,,,,,
large,fp16,adaptive_rank,0.1,4096,ok,23.9597110748291,23.667200088500977,24.12729549407959,23.485824584960938,15,3,456.2216796875,484.6767578125,True,5.336720943450928,7.2474870681762695,0,0,8,0,8
large,fp16,adaptive_rank_fb,0.1,4096,ok,46.450721740722656,46.2186393737793,48.482112884521484,45.32223892211914,15,3,1096.09765625,1124.552734375,True,0.0002067888854071498,0.00020739424508064985,0,0,0,8,0
large,fp16,adaptive_rank_tol0.05,0.05,4096,ok,23.909759521484375,23.709199905395508,24.116064071655273,23.386112213134766,15,3,456.2216796875,484.6767578125,True,5.336720943450928,7.2474870681762695,0,0,8,0,8
large,fp16,adaptive_rank_fb_tol0.05,0.05,4096,ok,46.299072265625,45.91828727722168,47.754560470581055,44.82614517211914,15,3,1096.09765625,1124.552734375,True,0.0002067888854071498,0.00020739424508064985,0,0,0,8,0
large,fp16,adaptive_rank_tol0.2,0.2,4096,ok,23.905536651611328,23.746591567993164,24.160256385803223,23.588672637939453,15,3,456.2216796875,484.6767578125,True,5.336720943450928,7.2474870681762695,0,0,8,0,8
large,fp16,adaptive_rank_fb_tol0.2,0.2,4096,ok,46.658817291259766,46.06798553466797,48.49051284790039,45.02470397949219,15,3,1096.09765625,1124.552734375,True,0.0002067888854071498,0.00020739424508064985,0,0,0,8,0
large,fp16,adaptive_rank_tol0.4,0.4,4096,ok,24.33843231201172,24.084239959716797,24.867072105407715,23.601600646972656,15,3,456.2216796875,484.6767578125,True,5.336720943450928,7.2474870681762695,0,0,8,0,8
large,fp16,adaptive_rank_fb_tol0.4,0.4,4096,ok,46.610782623291016,45.392784118652344,47.831838607788086,44.57139205932617,15,3,1096.09765625,1124.552734375,True,0.0002067888854071498,0.00020739424508064985,0,0,0,8,0
large,fp16,sdpa,,16384,ok,47.40300750732422,47.30673599243164,48.164878845214844,47.1638069152832,15,3,16.0,104.4541015625,True,0.0002881134860217571,0.00029840978095307946,,,,,
large,fp16,rf64,,16384,ok,8.437472343444824,8.3472318649292,8.504703998565674,8.273119926452637,15,3,224.626953125,313.0810546875,True,7.3566179275512695,8.601717948913574,,,,,
large,fp16,rf256,,16384,ok,18.499584197998047,18.0416316986084,18.861072540283203,17.973247528076172,15,3,512.5,600.9541015625,True,7.528353214263916,10.200387001037598,,,,,
large,fp16,rf1024,,16384,ok,64.21501159667969,63.80561637878418,65.77499389648438,63.17692947387695,15,3,1664.5,1752.9541015625,True,6.866379261016846,8.836373329162598,,,,,
large,fp16,adaptive_rank,0.1,16384,ok,92.10883331298828,91.52681350708008,93.122802734375,90.96803283691406,15,3,1824.5966796875,1913.0517578125,True,6.866379261016846,8.836373329162598,0,0,8,0,8
large,fp16,adaptive_rank_fb,0.1,16384,oom,,,,,,,,,,,,,,,,
large,fp16,adaptive_rank_tol0.05,0.05,16384,ok,92.00019073486328,91.43694305419922,92.84152221679688,89.9072036743164,15,3,1824.5966796875,1913.0517578125,True,6.866379261016846,8.836373329162598,0,0,8,0,8
large,fp16,adaptive_rank_fb_tol0.05,0.05,16384,oom,,,,,,,,,,,,,,,,
large,fp16,adaptive_rank_tol0.2,0.2,16384,ok,93.27798461914062,91.68091201782227,94.12196731567383,90.43724822998047,15,3,1824.5966796875,1913.0517578125,True,6.866379261016846,8.836373329162598,0,0,8,0,8
large,fp16,adaptive_rank_fb_tol0.2,0.2,16384,oom,,,,,,,,,,,,,,,,
large,fp16,adaptive_rank_tol0.4,0.4,16384,ok,92.18675231933594,91.60168075561523,92.57787322998047,90.51983642578125,15,3,1824.5966796875,1913.0517578125,True,6.866379261016846,8.836373329162598,0,0,8,0,8
large,fp16,adaptive_rank_fb_tol0.4,0.4,16384,oom,,,,,,,,,,,,,,,,
large,fp16,sdpa,,65536,ok,764.668701171875,763.9944763183594,765.6970825195312,763.430908203125,15,3,64.0,264.45361328125,True,,,,,,,
large,fp16,rf64,,65536,ok,33.20003128051758,33.01158332824707,33.3953914642334,32.81401443481445,15,3,898.126953125,1098.58056640625,True,,,,,,,
large,fp16,rf256,,65536,ok,73.74642944335938,73.20393753051758,74.6845932006836,71.6688003540039,15,3,2050.0,2250.45361328125,True,,,,,,,
large,fp16,rf1024,,65536,ok,259.34246826171875,257.8846740722656,260.54759216308594,256.6297912597656,15,3,6658.0,6858.45361328125,True,,,,,,,
large,fp16,adaptive_rank,0.1,65536,ok,374.1900939941406,368.6509552001953,380.08079528808594,366.51824951171875,15,3,3969.0966796875,4169.55126953125,True,,,0,0,8,0,8
large,fp16,adaptive_rank_fb,0.1,65536,oom,,,,,,,,,,,,,,,,
large,fp16,adaptive_rank_tol0.05,0.05,65536,ok,370.49127197265625,367.44195556640625,373.75047302246094,365.4665832519531,15,3,3969.0966796875,4169.55126953125,True,,,0,0,8,0,8
large,fp16,adaptive_rank_fb_tol0.05,0.05,65536,oom,,,,,,,,,,,,,,,,
large,fp16,adaptive_rank_tol0.2,0.2,65536,ok,369.7254333496094,367.91192626953125,375.1021270751953,366.90887451171875,15,3,3969.0966796875,4169.55126953125,True,,,0,0,8,0,8
large,fp16,adaptive_rank_fb_tol0.2,0.2,65536,oom,,,,,,,,,,,,,,,,
large,fp16,adaptive_rank_tol0.4,0.4,65536,ok,373.9808349609375,369.37939453125,381.1023254394531,367.0749206542969,15,3,3969.0966796875,4169.55126953125,True,,,0,0,8,0,8
large,fp16,adaptive_rank_fb_tol0.4,0.4,65536,oom,,,,,,,,,,,,,,,,
