dtype,method,N,B,H,D,window,status,error,median_ms,q25_ms,q75_ms,min_ms,reps,warmup,peak_extra_mb,peak_total_mb,finite_output,max_abs_err_vs_fp32_sdpa
fp32,softmax_naive,512,1,8,64,,ok,,0.5609440207481384,0.5558240115642548,0.5677599757909775,0.5512959957122803,20,3,17.0,29.125,True,5.066394805908203e-07
fp32,sdpa,512,1,8,64,,ok,,0.5059039890766144,0.499271996319294,0.5123999863862991,0.49190399050712585,20,3,1.0,13.125,True,0.0
fp32,local_window,512,1,8,64,256,ok,,1.5661919713020325,1.554832011461258,1.584879994392395,1.5462720394134521,20,3,36.892578125,49.017578125,True,5.066394805908203e-07
fp32,linear,512,1,8,64,,ok,,0.3540639877319336,0.35150399804115295,0.3627679944038391,0.3479039967060089,20,3,4.142578125,16.267578125,True,0.4728095233440399
fp32,softmax_naive,1024,1,8,64,,ok,,1.4567840099334717,1.4461520314216614,1.4642319977283478,1.4358079433441162,20,3,66.0,82.125,True,5.066394805908203e-07
fp32,sdpa,1024,1,8,64,,ok,,1.8479520082473755,1.8429679870605469,1.8540000319480896,1.8335679769515991,20,3,2.0,18.125,True,0.0
fp32,local_window,1024,1,8,64,256,ok,,2.0404160022735596,2.010344088077545,2.114959955215454,1.981600046157837,20,3,71.03466796875,87.15966796875,True,0.48682084679603577
fp32,linear,1024,1,8,64,,ok,,0.477183997631073,0.45852799713611603,0.4931360110640526,0.45107200741767883,20,3,8.158203125,24.283203125,True,0.48662737011909485
fp32,softmax_naive,2048,1,8,64,,ok,,4.811807870864868,4.803903818130493,4.825616121292114,4.794400215148926,20,3,260.0,284.125,True,5.21540641784668e-07
fp32,sdpa,2048,1,8,64,,ok,,3.4137439727783203,3.4077839255332947,3.418280005455017,3.39353609085083,20,3,4.0,28.125,True,0.0
fp32,local_window,2048,1,8,64,256,ok,,3.0222880840301514,2.989247977733612,3.037976026535034,2.8876800537109375,20,3,141.06884765625,165.19384765625,True,0.3705257773399353
fp32,linear,2048,1,8,64,,ok,,0.5310559868812561,0.5266879796981812,0.533831998705864,0.5198720097541809,20,3,16.189453125,40.314453125,True,0.20914147794246674
fp32,softmax_naive,4096,1,8,64,,ok,,17.44545555114746,17.063176155090332,17.661183834075928,16.25312042236328,20,3,1032.0,1072.125,True,7.450580596923828e-07
fp32,sdpa,4096,1,8,64,,ok,,11.670127868652344,11.649999856948853,11.719511985778809,11.621184349060059,20,3,8.0,48.125,True,0.0
fp32,local_window,4096,1,8,64,256,ok,,5.495520114898682,5.456287860870361,5.519871950149536,5.3094401359558105,20,3,281.13720703125,321.26220703125,True,0.4458230137825012
fp32,linear,4096,1,8,64,,ok,,0.9731040000915527,0.9707120060920715,0.9875440001487732,0.9666560292243958,20,3,32.251953125,72.376953125,True,0.18045401573181152
fp32,softmax_naive,8192,1,8,64,,ok,,74.4605941772461,72.93665504455566,76.19030380249023,70.8458251953125,20,3,4112.0,4168.125,True,
fp32,sdpa,8192,1,8,64,,ok,,46.079999923706055,45.94072723388672,46.21503162384033,45.35126495361328,20,3,16.0,72.125,True,
fp32,local_window,8192,1,8,64,256,ok,,10.89742374420166,10.890711784362793,10.922431707382202,10.851967811584473,20,3,561.27392578125,617.39892578125,True,
fp32,linear,8192,1,8,64,,ok,,1.8655840158462524,1.861631989479065,1.8674159944057465,1.8554879426956177,20,3,64.376953125,120.501953125,True,
fp32,softmax_naive,16384,1,8,64,,oom,torch.cuda.OutOfMemoryError,,,,,,,,,,
fp32,sdpa,16384,1,8,64,,ok,,186.46398162841797,185.763427734375,187.04440307617188,185.32984924316406,20,3,32.0,136.125,True,
fp32,local_window,16384,1,8,64,256,ok,,21.528575897216797,21.486647605895996,21.68567991256714,21.412736892700195,20,3,1121.54736328125,1225.67236328125,True,
fp32,linear,16384,1,8,64,,ok,,3.730080008506775,3.7241119742393494,3.740287959575653,3.7075839042663574,20,3,128.626953125,232.751953125,True,
fp32,softmax_naive,32768,1,8,64,,oom,torch.cuda.OutOfMemoryError,,,,,,,,,,
fp32,sdpa,32768,1,8,64,,ok,,783.5773010253906,778.1878814697266,793.0511322021484,768.2828979492188,20,3,64.0,264.125,True,
fp32,local_window,32768,1,8,64,256,ok,,45.0313606262207,44.71968746185303,45.76097583770752,44.31260681152344,20,3,2242.0947265625,2442.2197265625,True,
fp32,linear,32768,1,8,64,,ok,,7.426048040390015,7.408712029457092,7.45635986328125,7.383200168609619,20,3,257.126953125,457.251953125,True,
fp32,softmax_naive,65536,1,8,64,,oom,torch.cuda.OutOfMemoryError,,,,,,,,,,
fp32,sdpa,65536,1,8,64,,ok,,3446.222412109375,3415.7764892578125,3458.4205322265625,3366.195068359375,7,0,128.0,520.125,True,
fp32,local_window,65536,1,8,64,256,ok,,101.69756698608398,101.04561042785645,101.8575611114502,100.3806381225586,20,3,4483.189453125,4875.314453125,True,
fp32,linear,65536,1,8,64,,ok,,15.144383907318115,15.09339189529419,16.23349642753601,14.970272064208984,20,3,514.126953125,906.251953125,True,
fp16,softmax_naive,512,1,8,64,,ok,,0.14660800248384476,0.14340800419449806,0.14979200437664986,0.14131200313568115,20,3,8.5,22.125,True,0.0007809996604919434
fp16,sdpa,512,1,8,64,,ok,,0.06604800000786781,0.06547199934720993,0.06928799860179424,0.06412799656391144,20,3,0.5,14.125,True,0.00036594271659851074
fp16,local_window,512,1,8,64,256,ok,,0.8007200062274933,0.7676319926977158,0.8603119999170303,0.7454720139503479,20,3,18.892578125,32.517578125,True,0.0007809996604919434
fp16,linear,512,1,8,64,,ok,,0.244159996509552,0.23757600411772728,0.262240007519722,0.23552000522613525,20,3,2.0712890625,15.6962890625,True,0.4543738067150116
fp16,linear_acc32,512,1,8,64,,ok,,0.2807679921388626,0.27691200375556946,0.2954239994287491,0.2708800137042999,20,3,5.142578125,18.767578125,True,0.4728187024593353
fp16,softmax_naive,1024,1,8,64,,ok,,0.418832004070282,0.4136959910392761,0.4264479950070381,0.4095039963722229,20,3,33.0,52.125,True,0.0005747675895690918
fp16,sdpa,1024,1,8,64,,ok,,0.19921600073575974,0.19604800269007683,0.20851200073957443,0.19353599846363068,20,3,1.0,20.125,True,0.0003371238708496094
fp16,local_window,1024,1,8,64,256,ok,,1.0095360279083252,0.999335989356041,1.023368000984192,0.9969919919967651,20,3,35.53466796875,54.65966796875,True,0.48684126138687134
fp16,linear,1024,1,8,64,,ok,,0.3338239938020706,0.2619280107319355,0.3988159969449043,0.23337599635124207,20,3,6.06396484375,25.18896484375,True,0.5144749283790588
fp16,linear_acc32,1024,1,8,64,,ok,,0.3132160007953644,0.3017920106649399,0.33077600598335266,0.29872000217437744,20,3,10.158203125,29.283203125,True,0.48662763833999634
fp16,softmax_naive,2048,1,8,64,,ok,,1.521664023399353,1.5145840048789978,1.5291919708251953,1.5032320022583008,20,3,130.0,160.125,True,0.0004435330629348755
fp16,sdpa,2048,1,8,64,,ok,,0.6538879871368408,0.6516720056533813,0.655919998884201,0.6492159962654114,20,3,2.0,32.125,True,0.00023148953914642334
fp16,local_window,2048,1,8,64,256,ok,,1.585200011730194,1.5678399801254272,1.65311998128891,1.5419199466705322,20,3,70.56884765625,100.69384765625,True,0.3702141344547272
fp16,linear,2048,1,8,64,,ok,,0.24503999948501587,0.2388720028102398,0.252408005297184,0.2337920069694519,20,3,12.06396484375,42.18896484375,True,0.23131151497364044
fp16,linear_acc32,2048,1,8,64,,ok,,0.5330080091953278,0.5283439755439758,0.5360559970140457,0.52019202709198,20,3,20.189453125,50.314453125,True,0.20913170278072357
fp16,softmax_naive,4096,1,8,64,,ok,,8.195199966430664,8.090495586395264,8.463760137557983,6.615039825439453,20,3,516.0,568.125,True,0.00021938979625701904
fp16,sdpa,4096,1,8,64,,ok,,2.869647979736328,2.146303951740265,3.2652639746665955,2.1073920726776123,20,3,4.0,56.125,True,0.00010953843593597412
fp16,local_window,4096,1,8,64,256,ok,,2.849519968032837,2.741767942905426,2.901871979236603,2.7217280864715576,20,3,140.63720703125,192.76220703125,True,0.4449710249900818
fp16,linear,4096,1,8,64,,ok,,0.4370720088481903,0.43404799699783325,0.44020000100135803,0.43007999658584595,20,3,24.06396484375,76.18896484375,True,0.18356530368328094
fp16,linear_acc32,4096,1,8,64,,ok,,1.0980160236358643,1.0919439792633057,1.104383945465088,1.0895359516143799,20,3,40.251953125,92.376953125,True,0.1804509311914444
fp16,softmax_naive,8192,1,8,64,,ok,,32.570512771606445,31.488872051239014,33.00056076049805,30.475872039794922,20,3,2056.0,2136.125,True,
fp16,sdpa,8192,1,8,64,,ok,,11.911167621612549,11.875808000564575,12.621943950653076,11.58841609954834,20,3,8.0,88.125,True,
fp16,local_window,8192,1,8,64,256,ok,,6.053103923797607,5.731016159057617,6.086552023887634,5.320608139038086,20,3,280.77392578125,360.89892578125,True,
fp16,linear,8192,1,8,64,,ok,,0.802592009305954,0.7982079982757568,0.80867999792099,0.7877439856529236,20,3,36.06396484375,116.18896484375,True,
fp16,linear_acc32,8192,1,8,64,,ok,,2.0355039834976196,2.0323680639266968,2.0858240127563477,2.0289599895477295,20,3,80.376953125,160.501953125,True,
fp16,softmax_naive,16384,1,8,64,,ok,,123.82508850097656,123.25115203857422,124.71923828125,121.15894317626953,20,3,8208.0,8360.125,True,
fp16,sdpa,16384,1,8,64,,ok,,47.47598457336426,47.24411869049072,48.219961166381836,46.90304183959961,20,3,16.0,168.125,True,
fp16,local_window,16384,1,8,64,256,ok,,12.208144187927246,12.101744413375854,12.233391761779785,11.989791870117188,20,3,561.04736328125,713.17236328125,True,
fp16,linear,16384,1,8,64,,ok,,1.5177760124206543,1.5012400150299072,1.5723920166492462,1.4929920434951782,20,3,64.3134765625,216.4384765625,True,
fp16,linear_acc32,16384,1,8,64,,ok,,4.13425612449646,4.041184186935425,4.17467987537384,4.018784046173096,20,3,160.626953125,312.751953125,True,
fp16,softmax_naive,32768,1,8,64,,oom,torch.cuda.OutOfMemoryError,,,,,,,,,,
fp16,sdpa,32768,1,8,64,,ok,,191.38697814941406,190.97772216796875,191.68213272094727,190.40255737304688,20,3,32.0,328.125,True,
fp16,local_window,32768,1,8,64,256,ok,,25.488479614257812,25.076159954071045,26.119879722595215,24.665695190429688,20,3,1121.5947265625,1417.7197265625,True,
fp16,linear,32768,1,8,64,,ok,,3.2901920080184937,3.1183600425720215,3.3074399828910828,3.0959360599517822,20,3,128.5634765625,424.6884765625,False,
fp16,linear_acc32,32768,1,8,64,,ok,,8.323279857635498,8.317023754119873,8.379992246627808,7.9238080978393555,20,3,321.126953125,617.251953125,True,
fp16,softmax_naive,65536,1,8,64,,oom,torch.cuda.OutOfMemoryError,,,,,,,,,,
fp16,sdpa,65536,1,8,64,,ok,,771.6159973144531,769.2352752685547,773.1864318847656,767.1659545898438,20,3,64.0,648.125,True,
fp16,local_window,65536,1,8,64,256,ok,,51.081024169921875,49.85549545288086,52.13357734680176,48.77315139770508,20,3,2242.689453125,2826.814453125,True,
fp16,linear,65536,1,8,64,,ok,,6.546144008636475,6.479904055595398,6.93503999710083,6.457344055175781,20,3,257.0634765625,841.1884765625,False,
fp16,linear_acc32,65536,1,8,64,,ok,,16.56179141998291,16.477704524993896,16.64076852798462,16.305343627929688,20,3,642.126953125,1226.251953125,True,
