variant,N,status,median_ms,q25_ms,q75_ms,min_ms,reps,warmup,peak_extra_mb,peak_total_mb,finite_output
sdpa,1024,ok,141.7751007080078,140.43929290771484,142.11749267578125,138.5489959716797,7,2,153.64697265625,1112.94677734375,True
sdpa_mha,1024,ok,56.13257598876953,55.893999099731445,56.228288650512695,55.73219299316406,7,2,36.7578125,996.0576171875,True
local_window,1024,ok,72.8821792602539,72.72121810913086,73.1899528503418,70.95622253417969,7,2,52.90673828125,1012.20654296875,True
linear,1024,ok,77.95913696289062,77.03542709350586,78.3908805847168,75.94601440429688,7,2,55.15234375,1014.4521484375,True
sdpa,2048,ok,448.6653747558594,447.79661560058594,449.6090393066406,444.3486633300781,7,2,565.54345703125,1524.85107421875,True
sdpa_mha,2048,ok,124.34832000732422,123.07566452026367,125.54191970825195,120.49404907226562,7,2,74.515625,1033.8232421875,True
local_window,2048,ok,150.4297637939453,149.68739318847656,150.64838409423828,149.35804748535156,7,2,104.93798828125,1064.24560546875,True
linear,2048,ok,160.54476928710938,159.7208023071289,162.12696075439453,156.93919372558594,7,2,110.9921875,1070.2998046875,True
sdpa,4096,ok,1702.3140869140625,1675.061279296875,1704.2960205078125,1663.5106201171875,7,2,2171.08642578125,3130.40966796875,True
sdpa_mha,4096,ok,294.1337585449219,293.5907287597656,295.1106262207031,290.1631774902344,7,2,143.03125,1102.3544921875,True
local_window,4096,ok,324.543701171875,324.07872009277344,326.4952697753906,322.4947204589844,7,2,209.00048828125,1168.32373046875,True
linear,4096,ok,340.04425048828125,339.7151794433594,341.0810852050781,338.0632629394531,7,2,220.421875,1179.7451171875,True
sdpa,8192,ok,6707.99267578125,6686.407470703125,6762.324462890625,6658.00732421875,7,0,8502.17236328125,9461.52685546875,True
sdpa_mha,8192,ok,698.0629272460938,693.2980346679688,698.7498779296875,691.6796875,7,2,286.0625,1245.4169921875,True
local_window,8192,ok,632.093017578125,631.167236328125,633.5202331542969,626.8578491210938,7,2,417.12548828125,1376.47998046875,True
linear,8192,ok,651.427734375,649.7547912597656,652.6177062988281,646.248779296875,7,2,440.78125,1400.1357421875,True
sdpa,16384,oom,,,,,,,,,
sdpa_mha,16384,ok,1945.575439453125,1945.2109375,1945.7545166015625,1944.2672119140625,7,2,572.125,1531.5419921875,True
local_window,16384,ok,1269.60791015625,1267.8246459960938,1270.2584228515625,1266.5302734375,7,2,833.37548828125,1792.79248046875,True
linear,16384,ok,1328.6072998046875,1325.8914184570312,1330.3721313476562,1322.4837646484375,7,2,881.5,1840.9169921875,True
sdpa,32768,oom,,,,,,,,,
sdpa_mha,32768,ok,6266.71630859375,6243.374755859375,6312.99658203125,6221.79736328125,7,0,1144.25,2103.7919921875,True
local_window,32768,ok,2554.810302734375,2551.4010009765625,2561.509765625,2539.688720703125,7,0,1665.8759765625,2625.41796875,True
linear,32768,ok,2712.619873046875,2711.102783203125,2714.9140625,2708.832275390625,7,0,1762.9375,2722.4794921875,True
