N,method,dtype,beta,trials,successes,accuracy,wilson95_lo,wilson95_hi,bootstrap95_lo,bootstrap95_hi,nonfinite_outputs,window,seed,per_trial_success
64,sdpa,fp32,64.0,300,300,1.0,0.9873570287754537,0.9999999999999998,1.0,1.0,0,,1234,111111111111111111111111111111111111111111111111111111111111111111111111111111111111111111111111111111111111111111111111111111111111111111111111111111111111111111111111111111111111111111111111111111111111111111111111111111111111111111111111111111111111111111111111111111111111111111111111111111111111
64,local_window,fp32,64.0,300,300,1.0,0.9873570287754537,0.9999999999999998,1.0,1.0,0,256,1234,111111111111111111111111111111111111111111111111111111111111111111111111111111111111111111111111111111111111111111111111111111111111111111111111111111111111111111111111111111111111111111111111111111111111111111111111111111111111111111111111111111111111111111111111111111111111111111111111111111111111
64,linear,fp32,64.0,300,4,0.013333333333333334,0.005196961739358858,0.03377553025253262,0.0033333333333333335,0.02666666666666667,0,,1234,000000000000000000000000000001000000000000000000000000000001000000000000000000000000000000000000010000000000000000000000000000000000000000000000000000000000000000000000000000000000000000000000000000000000000000000000000000000000000001000000000000000000000000000000000000000000000000000000000000000000
64,sdpa,fp32,256.0,300,300,1.0,0.9873570287754537,0.9999999999999998,1.0,1.0,0,,1234,111111111111111111111111111111111111111111111111111111111111111111111111111111111111111111111111111111111111111111111111111111111111111111111111111111111111111111111111111111111111111111111111111111111111111111111111111111111111111111111111111111111111111111111111111111111111111111111111111111111111
64,local_window,fp32,256.0,300,300,1.0,0.9873570287754537,0.9999999999999998,1.0,1.0,0,256,1234,111111111111111111111111111111111111111111111111111111111111111111111111111111111111111111111111111111111111111111111111111111111111111111111111111111111111111111111111111111111111111111111111111111111111111111111111111111111111111111111111111111111111111111111111111111111111111111111111111111111111
64,linear,fp32,256.0,300,4,0.013333333333333334,0.005196961739358858,0.03377553025253262,0.0033333333333333335,0.02666666666666667,0,,1234,000000000000000000000000000001000000000000000000000000000001000000000000000000000000000000000000010000000000000000000000000000000000000000000000000000000000000000000000000000000000000000000000000000000000000000000000000000000000000001000000000000000000000000000000000000000000000000000000000000000000
64,sdpa,fp16,64.0,300,300,1.0,0.9873570287754537,0.9999999999999998,1.0,1.0,0,,1234,111111111111111111111111111111111111111111111111111111111111111111111111111111111111111111111111111111111111111111111111111111111111111111111111111111111111111111111111111111111111111111111111111111111111111111111111111111111111111111111111111111111111111111111111111111111111111111111111111111111111
64,local_window,fp16,64.0,300,300,1.0,0.9873570287754537,0.9999999999999998,1.0,1.0,0,256,1234,111111111111111111111111111111111111111111111111111111111111111111111111111111111111111111111111111111111111111111111111111111111111111111111111111111111111111111111111111111111111111111111111111111111111111111111111111111111111111111111111111111111111111111111111111111111111111111111111111111111111
64,linear,fp16,64.0,300,4,0.013333333333333334,0.005196961739358858,0.03377553025253262,0.0033333333333333335,0.02666666666666667,0,,1234,000000000000000000000000000001000000000000000000000000000001000000000000000000000000000000000000010000000000000000000000000000000000000000000000000000000000000000000000000000000000000000000000000000000000000000000000000000000000000001000000000000000000000000000000000000000000000000000000000000000000
64,linear_acc32,fp16,64.0,300,4,0.013333333333333334,0.005196961739358858,0.03377553025253262,0.0033333333333333335,0.02666666666666667,0,,1234,000000000000000000000000000001000000000000000000000000000001000000000000000000000000000000000000010000000000000000000000000000000000000000000000000000000000000000000000000000000000000000000000000000000000000000000000000000000000000001000000000000000000000000000000000000000000000000000000000000000000
64,sdpa,fp16,256.0,300,300,1.0,0.9873570287754537,0.9999999999999998,1.0,1.0,0,,1234,111111111111111111111111111111111111111111111111111111111111111111111111111111111111111111111111111111111111111111111111111111111111111111111111111111111111111111111111111111111111111111111111111111111111111111111111111111111111111111111111111111111111111111111111111111111111111111111111111111111111
64,local_window,fp16,256.0,300,300,1.0,0.9873570287754537,0.9999999999999998,1.0,1.0,0,256,1234,111111111111111111111111111111111111111111111111111111111111111111111111111111111111111111111111111111111111111111111111111111111111111111111111111111111111111111111111111111111111111111111111111111111111111111111111111111111111111111111111111111111111111111111111111111111111111111111111111111111111
64,linear,fp16,256.0,300,3,0.01,0.003406618437715286,0.02898349336233983,0.0,0.023333333333333334,0,,1234,000000000000000000000000000001000000000000000000000000000001000000000000000000000000000000000000000000000000000000000000000000000000000000000000000000000000000000000000000000000000000000000000000000000000000000000000000000000000000001000000000000000000000000000000000000000000000000000000000000000000
64,linear_acc32,fp16,256.0,300,4,0.013333333333333334,0.005196961739358858,0.03377553025253262,0.0033333333333333335,0.02666666666666667,0,,1234,000000000000000000000000000001000000000000000000000000000001000000000000000000000000000000000000010000000000000000000000000000000000000000000000000000000000000000000000000000000000000000000000000000000000000000000000000000000000000001000000000000000000000000000000000000000000000000000000000000000000
128,sdpa,fp32,64.0,300,300,1.0,0.9873570287754537,0.9999999999999998,1.0,1.0,0,,1234,111111111111111111111111111111111111111111111111111111111111111111111111111111111111111111111111111111111111111111111111111111111111111111111111111111111111111111111111111111111111111111111111111111111111111111111111111111111111111111111111111111111111111111111111111111111111111111111111111111111111
128,local_window,fp32,64.0,300,300,1.0,0.9873570287754537,0.9999999999999998,1.0,1.0,0,256,1234,111111111111111111111111111111111111111111111111111111111111111111111111111111111111111111111111111111111111111111111111111111111111111111111111111111111111111111111111111111111111111111111111111111111111111111111111111111111111111111111111111111111111111111111111111111111111111111111111111111111111
128,linear,fp32,64.0,300,2,0.006666666666666667,0.001830148357911785,0.023977583250306973,0.0,0.016666666666666666,0,,1234,000000000000000000000000000000000000000000000000000000000000000000000000000000000000000000000000000000000000000000000000000000000000000001000000000000000000000000000000000000000000000000000000000000000000000000000000000000000000000000000000000000000100000000000000000000000000000000000000000000000000
128,sdpa,fp32,256.0,300,300,1.0,0.9873570287754537,0.9999999999999998,1.0,1.0,0,,1234,111111111111111111111111111111111111111111111111111111111111111111111111111111111111111111111111111111111111111111111111111111111111111111111111111111111111111111111111111111111111111111111111111111111111111111111111111111111111111111111111111111111111111111111111111111111111111111111111111111111111
128,local_window,fp32,256.0,300,300,1.0,0.9873570287754537,0.9999999999999998,1.0,1.0,0,256,1234,111111111111111111111111111111111111111111111111111111111111111111111111111111111111111111111111111111111111111111111111111111111111111111111111111111111111111111111111111111111111111111111111111111111111111111111111111111111111111111111111111111111111111111111111111111111111111111111111111111111111
128,linear,fp32,256.0,300,2,0.006666666666666667,0.001830148357911785,0.023977583250306973,0.0,0.016666666666666666,0,,1234,000000000000000000000000000000000000000000000000000000000000000000000000000000000000000000000000000000000000000000000000000000000000000001000000000000000000000000000000000000000000000000000000000000000000000000000000000000000000000000000000000000000100000000000000000000000000000000000000000000000000
128,sdpa,fp16,64.0,300,300,1.0,0.9873570287754537,0.9999999999999998,1.0,1.0,0,,1234,111111111111111111111111111111111111111111111111111111111111111111111111111111111111111111111111111111111111111111111111111111111111111111111111111111111111111111111111111111111111111111111111111111111111111111111111111111111111111111111111111111111111111111111111111111111111111111111111111111111111
128,local_window,fp16,64.0,300,300,1.0,0.9873570287754537,0.9999999999999998,1.0,1.0,0,256,1234,111111111111111111111111111111111111111111111111111111111111111111111111111111111111111111111111111111111111111111111111111111111111111111111111111111111111111111111111111111111111111111111111111111111111111111111111111111111111111111111111111111111111111111111111111111111111111111111111111111111111
128,linear,fp16,64.0,300,2,0.006666666666666667,0.001830148357911785,0.023977583250306973,0.0,0.016666666666666666,0,,1234,000000000000000000000000000000000000000000000000000000000000000000000000000000000000000000000000000000000000000000000000000000000000000001000000000000000000000000000000000000000000000000000000000000000000000000000000000000000000000000000000000000000100000000000000000000000000000000000000000000000000
128,linear_acc32,fp16,64.0,300,2,0.006666666666666667,0.001830148357911785,0.023977583250306973,0.0,0.016666666666666666,0,,1234,000000000000000000000000000000000000000000000000000000000000000000000000000000000000000000000000000000000000000000000000000000000000000001000000000000000000000000000000000000000000000000000000000000000000000000000000000000000000000000000000000000000100000000000000000000000000000000000000000000000000
128,sdpa,fp16,256.0,300,300,1.0,0.9873570287754537,0.9999999999999998,1.0,1.0,0,,1234,111111111111111111111111111111111111111111111111111111111111111111111111111111111111111111111111111111111111111111111111111111111111111111111111111111111111111111111111111111111111111111111111111111111111111111111111111111111111111111111111111111111111111111111111111111111111111111111111111111111111
128,local_window,fp16,256.0,300,300,1.0,0.9873570287754537,0.9999999999999998,1.0,1.0,0,256,1234,111111111111111111111111111111111111111111111111111111111111111111111111111111111111111111111111111111111111111111111111111111111111111111111111111111111111111111111111111111111111111111111111111111111111111111111111111111111111111111111111111111111111111111111111111111111111111111111111111111111111
128,linear,fp16,256.0,300,5,0.016666666666666666,0.007139477350633333,0.0384153948330945,0.0033333333333333335,0.03333333333333333,0,,1234,000000000000000000000000000000000000000000000000000000000000000000000000000000000000000000000000000000000000000001000000000000000000010000000000000000000000000000000000000000100000000000000000000000000000000000000000000000000000000000000000000000000000000000000000010000000000000000000000000010000000
128,linear_acc32,fp16,256.0,300,2,0.006666666666666667,0.001830148357911785,0.023977583250306973,0.0,0.016666666666666666,0,,1234,000000000000000000000000000000000000000000000000000000000000000000000000000000000000000000000000000000000000000000000000000000000000000001000000000000000000000000000000000000000000000000000000000000000000000000000000000000000000000000000000000000000100000000000000000000000000000000000000000000000000
256,sdpa,fp32,64.0,300,300,1.0,0.9873570287754537,0.9999999999999998,1.0,1.0,0,,1234,111111111111111111111111111111111111111111111111111111111111111111111111111111111111111111111111111111111111111111111111111111111111111111111111111111111111111111111111111111111111111111111111111111111111111111111111111111111111111111111111111111111111111111111111111111111111111111111111111111111111
256,local_window,fp32,64.0,300,300,1.0,0.9873570287754537,0.9999999999999998,1.0,1.0,0,256,1234,111111111111111111111111111111111111111111111111111111111111111111111111111111111111111111111111111111111111111111111111111111111111111111111111111111111111111111111111111111111111111111111111111111111111111111111111111111111111111111111111111111111111111111111111111111111111111111111111111111111111
256,linear,fp32,64.0,300,3,0.01,0.003406618437715286,0.02898349336233983,0.0,0.023333333333333334,0,,1234,000000000000000000000000000000000000000000000000000000000000000000000000000100000000000000000000000000100000000000000000000000000000000000000000000000000000000000000000000000000000000000000000000000000000000000000000000000000000000000000000000000000000000100000000000000000000000000000000000000000000
256,sdpa,fp32,256.0,300,300,1.0,0.9873570287754537,0.9999999999999998,1.0,1.0,0,,1234,111111111111111111111111111111111111111111111111111111111111111111111111111111111111111111111111111111111111111111111111111111111111111111111111111111111111111111111111111111111111111111111111111111111111111111111111111111111111111111111111111111111111111111111111111111111111111111111111111111111111
256,local_window,fp32,256.0,300,300,1.0,0.9873570287754537,0.9999999999999998,1.0,1.0,0,256,1234,111111111111111111111111111111111111111111111111111111111111111111111111111111111111111111111111111111111111111111111111111111111111111111111111111111111111111111111111111111111111111111111111111111111111111111111111111111111111111111111111111111111111111111111111111111111111111111111111111111111111
256,linear,fp32,256.0,300,4,0.013333333333333334,0.005196961739358858,0.03377553025253262,0.0033333333333333335,0.02666666666666667,0,,1234,000000000000000000000000000000000000000000000000000000000000000000000000000100000000000000000000000000100000000000000000000000000000000000000000000000000000000000000000000000000000000000100000000000000000000000000000000000000000000000000000000000000000000100000000000000000000000000000000000000000000
256,sdpa,fp16,64.0,300,300,1.0,0.9873570287754537,0.9999999999999998,1.0,1.0,0,,1234,111111111111111111111111111111111111111111111111111111111111111111111111111111111111111111111111111111111111111111111111111111111111111111111111111111111111111111111111111111111111111111111111111111111111111111111111111111111111111111111111111111111111111111111111111111111111111111111111111111111111
256,local_window,fp16,64.0,300,300,1.0,0.9873570287754537,0.9999999999999998,1.0,1.0,0,256,1234,111111111111111111111111111111111111111111111111111111111111111111111111111111111111111111111111111111111111111111111111111111111111111111111111111111111111111111111111111111111111111111111111111111111111111111111111111111111111111111111111111111111111111111111111111111111111111111111111111111111111
256,linear,fp16,64.0,300,2,0.006666666666666667,0.001830148357911785,0.023977583250306973,0.0,0.016666666666666666,0,,1234,000000000000000000000000000000000000000000000000000000000000000000000000100000000000000000000000000000000000000000000000000000000000000000000000000000000000000000000000000000000000000000000000000000000000000000000000000000000000000000000000000000000000000100000000000000000000000000000000000000000000
256,linear_acc32,fp16,64.0,300,3,0.01,0.003406618437715286,0.02898349336233983,0.0,0.023333333333333334,0,,1234,000000000000000000000000000000000000000000000000000000000000000000000000000100000000000000000000000000100000000000000000000000000000000000000000000000000000000000000000000000000000000000000000000000000000000000000000000000000000000000000000000000000000000100000000000000000000000000000000000000000000
256,sdpa,fp16,256.0,300,300,1.0,0.9873570287754537,0.9999999999999998,1.0,1.0,0,,1234,111111111111111111111111111111111111111111111111111111111111111111111111111111111111111111111111111111111111111111111111111111111111111111111111111111111111111111111111111111111111111111111111111111111111111111111111111111111111111111111111111111111111111111111111111111111111111111111111111111111111
256,local_window,fp16,256.0,300,300,1.0,0.9873570287754537,0.9999999999999998,1.0,1.0,0,256,1234,111111111111111111111111111111111111111111111111111111111111111111111111111111111111111111111111111111111111111111111111111111111111111111111111111111111111111111111111111111111111111111111111111111111111111111111111111111111111111111111111111111111111111111111111111111111111111111111111111111111111
256,linear,fp16,256.0,300,2,0.006666666666666667,0.001830148357911785,0.023977583250306973,0.0,0.016666666666666666,0,,1234,000000000000000000000000000000000000000000000000000000000000000000000000100000000000000000000000000000000000000000000000000000000100000000000000000000000000000000000000000000000000000000000000000000000000000000000000000000000000000000000000000000000000000000000000000000000000000000000000000000000000
256,linear_acc32,fp16,256.0,300,4,0.013333333333333334,0.005196961739358858,0.03377553025253262,0.0033333333333333335,0.02666666666666667,0,,1234,000000000000000000000000000000000000000000000000000000000000000000000000000100000000000000000000000000100000000000000000000000000000000000000000000000000000000000000000000000000000000000100000000000000000000000000000000000000000000000000000000000000000000100000000000000000000000000000000000000000000
512,sdpa,fp32,64.0,300,300,1.0,0.9873570287754537,0.9999999999999998,1.0,1.0,0,,1234,111111111111111111111111111111111111111111111111111111111111111111111111111111111111111111111111111111111111111111111111111111111111111111111111111111111111111111111111111111111111111111111111111111111111111111111111111111111111111111111111111111111111111111111111111111111111111111111111111111111111
512,local_window,fp32,64.0,300,300,1.0,0.9873570287754537,0.9999999999999998,1.0,1.0,0,256,1234,111111111111111111111111111111111111111111111111111111111111111111111111111111111111111111111111111111111111111111111111111111111111111111111111111111111111111111111111111111111111111111111111111111111111111111111111111111111111111111111111111111111111111111111111111111111111111111111111111111111111
512,linear,fp32,64.0,300,0,0.0,8.563957084937438e-19,0.012642971224546036,0.0,0.0,0,,1234,000000000000000000000000000000000000000000000000000000000000000000000000000000000000000000000000000000000000000000000000000000000000000000000000000000000000000000000000000000000000000000000000000000000000000000000000000000000000000000000000000000000000000000000000000000000000000000000000000000000000
512,sdpa,fp32,256.0,300,300,1.0,0.9873570287754537,0.9999999999999998,1.0,1.0,0,,1234,111111111111111111111111111111111111111111111111111111111111111111111111111111111111111111111111111111111111111111111111111111111111111111111111111111111111111111111111111111111111111111111111111111111111111111111111111111111111111111111111111111111111111111111111111111111111111111111111111111111111
512,local_window,fp32,256.0,300,300,1.0,0.9873570287754537,0.9999999999999998,1.0,1.0,0,256,1234,111111111111111111111111111111111111111111111111111111111111111111111111111111111111111111111111111111111111111111111111111111111111111111111111111111111111111111111111111111111111111111111111111111111111111111111111111111111111111111111111111111111111111111111111111111111111111111111111111111111111
512,linear,fp32,256.0,300,0,0.0,8.563957084937438e-19,0.012642971224546036,0.0,0.0,0,,1234,000000000000000000000000000000000000000000000000000000000000000000000000000000000000000000000000000000000000000000000000000000000000000000000000000000000000000000000000000000000000000000000000000000000000000000000000000000000000000000000000000000000000000000000000000000000000000000000000000000000000
512,sdpa,fp16,64.0,300,300,1.0,0.9873570287754537,0.9999999999999998,1.0,1.0,0,,1234,111111111111111111111111111111111111111111111111111111111111111111111111111111111111111111111111111111111111111111111111111111111111111111111111111111111111111111111111111111111111111111111111111111111111111111111111111111111111111111111111111111111111111111111111111111111111111111111111111111111111
512,local_window,fp16,64.0,300,300,1.0,0.9873570287754537,0.9999999999999998,1.0,1.0,0,256,1234,111111111111111111111111111111111111111111111111111111111111111111111111111111111111111111111111111111111111111111111111111111111111111111111111111111111111111111111111111111111111111111111111111111111111111111111111111111111111111111111111111111111111111111111111111111111111111111111111111111111111
512,linear,fp16,64.0,300,0,0.0,8.563957084937438e-19,0.012642971224546036,0.0,0.0,0,,1234,000000000000000000000000000000000000000000000000000000000000000000000000000000000000000000000000000000000000000000000000000000000000000000000000000000000000000000000000000000000000000000000000000000000000000000000000000000000000000000000000000000000000000000000000000000000000000000000000000000000000
512,linear_acc32,fp16,64.0,300,0,0.0,8.563957084937438e-19,0.012642971224546036,0.0,0.0,0,,1234,000000000000000000000000000000000000000000000000000000000000000000000000000000000000000000000000000000000000000000000000000000000000000000000000000000000000000000000000000000000000000000000000000000000000000000000000000000000000000000000000000000000000000000000000000000000000000000000000000000000000
512,sdpa,fp16,256.0,300,300,1.0,0.9873570287754537,0.9999999999999998,1.0,1.0,0,,1234,111111111111111111111111111111111111111111111111111111111111111111111111111111111111111111111111111111111111111111111111111111111111111111111111111111111111111111111111111111111111111111111111111111111111111111111111111111111111111111111111111111111111111111111111111111111111111111111111111111111111
512,local_window,fp16,256.0,300,300,1.0,0.9873570287754537,0.9999999999999998,1.0,1.0,0,256,1234,111111111111111111111111111111111111111111111111111111111111111111111111111111111111111111111111111111111111111111111111111111111111111111111111111111111111111111111111111111111111111111111111111111111111111111111111111111111111111111111111111111111111111111111111111111111111111111111111111111111111
512,linear,fp16,256.0,300,0,0.0,8.563957084937438e-19,0.012642971224546036,0.0,0.0,0,,1234,000000000000000000000000000000000000000000000000000000000000000000000000000000000000000000000000000000000000000000000000000000000000000000000000000000000000000000000000000000000000000000000000000000000000000000000000000000000000000000000000000000000000000000000000000000000000000000000000000000000000
512,linear_acc32,fp16,256.0,300,0,0.0,8.563957084937438e-19,0.012642971224546036,0.0,0.0,0,,1234,000000000000000000000000000000000000000000000000000000000000000000000000000000000000000000000000000000000000000000000000000000000000000000000000000000000000000000000000000000000000000000000000000000000000000000000000000000000000000000000000000000000000000000000000000000000000000000000000000000000000
1024,sdpa,fp32,64.0,300,300,1.0,0.9873570287754537,0.9999999999999998,1.0,1.0,0,,1234,111111111111111111111111111111111111111111111111111111111111111111111111111111111111111111111111111111111111111111111111111111111111111111111111111111111111111111111111111111111111111111111111111111111111111111111111111111111111111111111111111111111111111111111111111111111111111111111111111111111111
1024,local_window,fp32,64.0,300,152,0.5066666666666667,0.45036683073695566,0.5627979296467172,0.45,0.5633333333333334,0,256,1234,000010111110001111100101101010010000110110100011101101011110110010101010100101110001001011001110000111000001001101110100100110011111100001111011010110010001100100011100000111110011111010010001000101011010111010101111111111100100110100000001010110011001010111001111100001001101100101101010100000100010
1024,linear,fp32,64.0,300,1,0.0033333333333333335,0.0005886577218511591,0.018636693694531237,0.0,0.01,0,,1234,000000000000000000000000000000000000000000000000000000000000000000000000000000000000000000000010000000000000000000000000000000000000000000000000000000000000000000000000000000000000000000000000000000000000000000000000000000000000000000000000000000000000000000000000000000000000000000000000000000000000
1024,sdpa,fp32,256.0,300,300,1.0,0.9873570287754537,0.9999999999999998,1.0,1.0,0,,1234,111111111111111111111111111111111111111111111111111111111111111111111111111111111111111111111111111111111111111111111111111111111111111111111111111111111111111111111111111111111111111111111111111111111111111111111111111111111111111111111111111111111111111111111111111111111111111111111111111111111111
1024,local_window,fp32,256.0,300,151,0.5033333333333333,0.44707193979203275,0.5595104403998035,0.44666666666666666,0.56,0,256,1234,000010111110001111100101101010010000110110100011101101011110110010101010100101110001001011001110000111000001001101110100100110011111100001111011010110010001100100001100000111110011111010010001000101011010111010101111111111100100110100000001010110011001010111001111100001001101100101101010100000100010
1024,linear,fp32,256.0,300,1,0.0033333333333333335,0.0005886577218511591,0.018636693694531237,0.0,0.01,0,,1234,000000000000000000000000000000000000000000000000000000000000000000000000000000000000000000000010000000000000000000000000000000000000000000000000000000000000000000000000000000000000000000000000000000000000000000000000000000000000000000000000000000000000000000000000000000000000000000000000000000000000
1024,sdpa,fp16,64.0,300,300,1.0,0.9873570287754537,0.9999999999999998,1.0,1.0,0,,1234,111111111111111111111111111111111111111111111111111111111111111111111111111111111111111111111111111111111111111111111111111111111111111111111111111111111111111111111111111111111111111111111111111111111111111111111111111111111111111111111111111111111111111111111111111111111111111111111111111111111111
1024,local_window,fp16,64.0,300,152,0.5066666666666667,0.45036683073695566,0.5627979296467172,0.45,0.5633333333333334,0,256,1234,000010111110001111100101101010010000110110100011101101011110110010101010100101110001001011001110000111000001001101110100100110011111100001111011010110010001100100011100000111110011111010010001000101011010111010101111111111100100110100000001010110011001010111001111100001001101100101101010100000100010
1024,linear,fp16,64.0,300,0,0.0,8.563957084937438e-19,0.012642971224546036,0.0,0.0,0,,1234,000000000000000000000000000000000000000000000000000000000000000000000000000000000000000000000000000000000000000000000000000000000000000000000000000000000000000000000000000000000000000000000000000000000000000000000000000000000000000000000000000000000000000000000000000000000000000000000000000000000000
1024,linear_acc32,fp16,64.0,300,1,0.0033333333333333335,0.0005886577218511591,0.018636693694531237,0.0,0.01,0,,1234,000000000000000000000000000000000000000000000000000000000000000000000000000000000000000000000010000000000000000000000000000000000000000000000000000000000000000000000000000000000000000000000000000000000000000000000000000000000000000000000000000000000000000000000000000000000000000000000000000000000000
1024,sdpa,fp16,256.0,300,300,1.0,0.9873570287754537,0.9999999999999998,1.0,1.0,0,,1234,111111111111111111111111111111111111111111111111111111111111111111111111111111111111111111111111111111111111111111111111111111111111111111111111111111111111111111111111111111111111111111111111111111111111111111111111111111111111111111111111111111111111111111111111111111111111111111111111111111111111
1024,local_window,fp16,256.0,300,151,0.5033333333333333,0.44707193979203275,0.5595104403998035,0.44666666666666666,0.56,0,256,1234,000010111110001111100101101010010000110110100011101101011110110010101010100101110001001011001110000111000001001101110100100110011111100001111011010110010001100100001100000111110011111010010001000101011010111010101111111111100100110100000001010110011001010111001111100001001101100101101010100000100010
1024,linear,fp16,256.0,300,0,0.0,8.563957084937438e-19,0.012642971224546036,0.0,0.0,0,,1234,000000000000000000000000000000000000000000000000000000000000000000000000000000000000000000000000000000000000000000000000000000000000000000000000000000000000000000000000000000000000000000000000000000000000000000000000000000000000000000000000000000000000000000000000000000000000000000000000000000000000
1024,linear_acc32,fp16,256.0,300,1,0.0033333333333333335,0.0005886577218511591,0.018636693694531237,0.0,0.01,0,,1234,000000000000000000000000000000000000000000000000000000000000000000000000000000000000000000000010000000000000000000000000000000000000000000000000000000000000000000000000000000000000000000000000000000000000000000000000000000000000000000000000000000000000000000000000000000000000000000000000000000000000
2048,sdpa,fp32,64.0,300,300,1.0,0.9873570287754537,0.9999999999999998,1.0,1.0,0,,1234,111111111111111111111111111111111111111111111111111111111111111111111111111111111111111111111111111111111111111111111111111111111111111111111111111111111111111111111111111111111111111111111111111111111111111111111111111111111111111111111111111111111111111111111111111111111111111111111111111111111111
2048,local_window,fp32,64.0,300,74,0.24666666666666667,0.20129380271657715,0.29844530270385955,0.2,0.29333333333333333,0,256,1234,100111000010001000001010010011110100001000000001100000011000001000000000000001000000010000110100001010000000011100010010000100000011000000100100000101000100100001100100110010000011010000100000011110000101010000000000000110110011000000000000000111000010100001000001000000000000000000110000000000000010
2048,linear,fp32,64.0,300,0,0.0,8.563957084937438e-19,0.012642971224546036,0.0,0.0,0,,1234,000000000000000000000000000000000000000000000000000000000000000000000000000000000000000000000000000000000000000000000000000000000000000000000000000000000000000000000000000000000000000000000000000000000000000000000000000000000000000000000000000000000000000000000000000000000000000000000000000000000000
2048,sdpa,fp32,256.0,300,300,1.0,0.9873570287754537,0.9999999999999998,1.0,1.0,0,,1234,111111111111111111111111111111111111111111111111111111111111111111111111111111111111111111111111111111111111111111111111111111111111111111111111111111111111111111111111111111111111111111111111111111111111111111111111111111111111111111111111111111111111111111111111111111111111111111111111111111111111
2048,local_window,fp32,256.0,300,74,0.24666666666666667,0.20129380271657715,0.29844530270385955,0.2,0.29333333333333333,0,256,1234,100111000010001000001010010011110100001000000001100000011000001000000000000001000000010000110100001010000000011100010010000100000011000000100100000101000100100001100100110010000011010000100000011110000101010000000000000110110011000000000000000111000010100001000001000000000000000000110000000000000010
2048,linear,fp32,256.0,300,0,0.0,8.563957084937438e-19,0.012642971224546036,0.0,0.0,0,,1234,000000000000000000000000000000000000000000000000000000000000000000000000000000000000000000000000000000000000000000000000000000000000000000000000000000000000000000000000000000000000000000000000000000000000000000000000000000000000000000000000000000000000000000000000000000000000000000000000000000000000
2048,sdpa,fp16,64.0,300,300,1.0,0.9873570287754537,0.9999999999999998,1.0,1.0,0,,1234,111111111111111111111111111111111111111111111111111111111111111111111111111111111111111111111111111111111111111111111111111111111111111111111111111111111111111111111111111111111111111111111111111111111111111111111111111111111111111111111111111111111111111111111111111111111111111111111111111111111111
2048,local_window,fp16,64.0,300,74,0.24666666666666667,0.20129380271657715,0.29844530270385955,0.2,0.29333333333333333,0,256,1234,100111000010001000001010010011110100001000000001100000011000001000000000000001000000010000110100001010000000011100010010000100000011000000100100000101000100100001100100110010000011010000100000011110000101010000000000000110110011000000000000000111000010100001000001000000000000000000110000000000000010
2048,linear,fp16,64.0,300,0,0.0,8.563957084937438e-19,0.012642971224546036,0.0,0.0,0,,1234,000000000000000000000000000000000000000000000000000000000000000000000000000000000000000000000000000000000000000000000000000000000000000000000000000000000000000000000000000000000000000000000000000000000000000000000000000000000000000000000000000000000000000000000000000000000000000000000000000000000000
2048,linear_acc32,fp16,64.0,300,0,0.0,8.563957084937438e-19,0.012642971224546036,0.0,0.0,0,,1234,000000000000000000000000000000000000000000000000000000000000000000000000000000000000000000000000000000000000000000000000000000000000000000000000000000000000000000000000000000000000000000000000000000000000000000000000000000000000000000000000000000000000000000000000000000000000000000000000000000000000
2048,sdpa,fp16,256.0,300,300,1.0,0.9873570287754537,0.9999999999999998,1.0,1.0,0,,1234,111111111111111111111111111111111111111111111111111111111111111111111111111111111111111111111111111111111111111111111111111111111111111111111111111111111111111111111111111111111111111111111111111111111111111111111111111111111111111111111111111111111111111111111111111111111111111111111111111111111111
2048,local_window,fp16,256.0,300,74,0.24666666666666667,0.20129380271657715,0.29844530270385955,0.2,0.29333333333333333,0,256,1234,100111000010001000001010010011110100001000000001100000011000001000000000000001000000010000110100001010000000011100010010000100000011000000100100000101000100100001100100110010000011010000100000011110000101010000000000000110110011000000000000000111000010100001000001000000000000000000110000000000000010
2048,linear,fp16,256.0,300,0,0.0,8.563957084937438e-19,0.012642971224546036,0.0,0.0,0,,1234,000000000000000000000000000000000000000000000000000000000000000000000000000000000000000000000000000000000000000000000000000000000000000000000000000000000000000000000000000000000000000000000000000000000000000000000000000000000000000000000000000000000000000000000000000000000000000000000000000000000000
2048,linear_acc32,fp16,256.0,300,0,0.0,8.563957084937438e-19,0.012642971224546036,0.0,0.0,0,,1234,000000000000000000000000000000000000000000000000000000000000000000000000000000000000000000000000000000000000000000000000000000000000000000000000000000000000000000000000000000000000000000000000000000000000000000000000000000000000000000000000000000000000000000000000000000000000000000000000000000000000
4096,sdpa,fp32,64.0,300,300,1.0,0.9873570287754537,0.9999999999999998,1.0,1.0,0,,1234,111111111111111111111111111111111111111111111111111111111111111111111111111111111111111111111111111111111111111111111111111111111111111111111111111111111111111111111111111111111111111111111111111111111111111111111111111111111111111111111111111111111111111111111111111111111111111111111111111111111111
4096,local_window,fp32,64.0,300,45,0.15,0.11403246871185316,0.194817611145329,0.11,0.19333333333333333,0,256,1234,000000000000000000000010010000100010000000000000010000001000000100000000010000001000000111010001000000001000000000000000010001000110000010000000110010100000100010100100000000010000001000010000001010000010000001000010000100000000000000000100000000000001000000001000000000000010100100000001000000000010
4096,linear,fp32,64.0,300,0,0.0,8.563957084937438e-19,0.012642971224546036,0.0,0.0,0,,1234,000000000000000000000000000000000000000000000000000000000000000000000000000000000000000000000000000000000000000000000000000000000000000000000000000000000000000000000000000000000000000000000000000000000000000000000000000000000000000000000000000000000000000000000000000000000000000000000000000000000000
4096,sdpa,fp32,256.0,300,300,1.0,0.9873570287754537,0.9999999999999998,1.0,1.0,0,,1234,111111111111111111111111111111111111111111111111111111111111111111111111111111111111111111111111111111111111111111111111111111111111111111111111111111111111111111111111111111111111111111111111111111111111111111111111111111111111111111111111111111111111111111111111111111111111111111111111111111111111
4096,local_window,fp32,256.0,300,45,0.15,0.11403246871185316,0.194817611145329,0.11,0.19333333333333333,0,256,1234,000000000000000000000010010000100010000000000000010000001000000100000000010000001000000111010001000000001000000000000000010001000110000010000000110010100000100010100100000000010000001000010000001010000010000001000010000100000000000000000100000000000001000000001000000000000010100100000001000000000010
4096,linear,fp32,256.0,300,0,0.0,8.563957084937438e-19,0.012642971224546036,0.0,0.0,0,,1234,000000000000000000000000000000000000000000000000000000000000000000000000000000000000000000000000000000000000000000000000000000000000000000000000000000000000000000000000000000000000000000000000000000000000000000000000000000000000000000000000000000000000000000000000000000000000000000000000000000000000
4096,sdpa,fp16,64.0,300,300,1.0,0.9873570287754537,0.9999999999999998,1.0,1.0,0,,1234,111111111111111111111111111111111111111111111111111111111111111111111111111111111111111111111111111111111111111111111111111111111111111111111111111111111111111111111111111111111111111111111111111111111111111111111111111111111111111111111111111111111111111111111111111111111111111111111111111111111111
4096,local_window,fp16,64.0,300,45,0.15,0.11403246871185316,0.194817611145329,0.11,0.19333333333333333,0,256,1234,000000000000000000000010010000100010000000000000010000001000000100000000010000001000000111010001000000001000000000000000010001000110000010000000110010100000100010100100000000010000001000010000001010000010000001000010000100000000000000000100000000000001000000001000000000000010100100000001000000000010
4096,linear,fp16,64.0,300,0,0.0,8.563957084937438e-19,0.012642971224546036,0.0,0.0,0,,1234,000000000000000000000000000000000000000000000000000000000000000000000000000000000000000000000000000000000000000000000000000000000000000000000000000000000000000000000000000000000000000000000000000000000000000000000000000000000000000000000000000000000000000000000000000000000000000000000000000000000000
4096,linear_acc32,fp16,64.0,300,0,0.0,8.563957084937438e-19,0.012642971224546036,0.0,0.0,0,,1234,000000000000000000000000000000000000000000000000000000000000000000000000000000000000000000000000000000000000000000000000000000000000000000000000000000000000000000000000000000000000000000000000000000000000000000000000000000000000000000000000000000000000000000000000000000000000000000000000000000000000
4096,sdpa,fp16,256.0,300,300,1.0,0.9873570287754537,0.9999999999999998,1.0,1.0,0,,1234,111111111111111111111111111111111111111111111111111111111111111111111111111111111111111111111111111111111111111111111111111111111111111111111111111111111111111111111111111111111111111111111111111111111111111111111111111111111111111111111111111111111111111111111111111111111111111111111111111111111111
4096,local_window,fp16,256.0,300,45,0.15,0.11403246871185316,0.194817611145329,0.11,0.19333333333333333,0,256,1234,000000000000000000000010010000100010000000000000010000001000000100000000010000001000000111010001000000001000000000000000010001000110000010000000110010100000100010100100000000010000001000010000001010000010000001000010000100000000000000000100000000000001000000001000000000000010100100000001000000000010
4096,linear,fp16,256.0,300,0,0.0,8.563957084937438e-19,0.012642971224546036,0.0,0.0,0,,1234,000000000000000000000000000000000000000000000000000000000000000000000000000000000000000000000000000000000000000000000000000000000000000000000000000000000000000000000000000000000000000000000000000000000000000000000000000000000000000000000000000000000000000000000000000000000000000000000000000000000000
4096,linear_acc32,fp16,256.0,300,0,0.0,8.563957084937438e-19,0.012642971224546036,0.0,0.0,0,,1234,000000000000000000000000000000000000000000000000000000000000000000000000000000000000000000000000000000000000000000000000000000000000000000000000000000000000000000000000000000000000000000000000000000000000000000000000000000000000000000000000000000000000000000000000000000000000000000000000000000000000
8192,sdpa,fp32,64.0,300,300,1.0,0.9873570287754537,0.9999999999999998,1.0,1.0,0,,1234,111111111111111111111111111111111111111111111111111111111111111111111111111111111111111111111111111111111111111111111111111111111111111111111111111111111111111111111111111111111111111111111111111111111111111111111111111111111111111111111111111111111111111111111111111111111111111111111111111111111111
8192,local_window,fp32,64.0,300,27,0.09,0.06259022560547937,0.12777701079864834,0.06,0.12333333333333334,0,256,1234,100010000000000100011000000100000000000010000001000001100000010000001000010000000000000000000000000000100000000000000100010000000000000000010000100000000000000000000000000000000000010000000000000001000000000000000000000001010000000000100000001000000010000010000100000000000000000000000000000000000000
8192,linear,fp32,64.0,300,0,0.0,8.563957084937438e-19,0.012642971224546036,0.0,0.0,0,,1234,000000000000000000000000000000000000000000000000000000000000000000000000000000000000000000000000000000000000000000000000000000000000000000000000000000000000000000000000000000000000000000000000000000000000000000000000000000000000000000000000000000000000000000000000000000000000000000000000000000000000
8192,sdpa,fp32,256.0,300,300,1.0,0.9873570287754537,0.9999999999999998,1.0,1.0,0,,1234,111111111111111111111111111111111111111111111111111111111111111111111111111111111111111111111111111111111111111111111111111111111111111111111111111111111111111111111111111111111111111111111111111111111111111111111111111111111111111111111111111111111111111111111111111111111111111111111111111111111111
8192,local_window,fp32,256.0,300,27,0.09,0.06259022560547937,0.12777701079864834,0.06,0.12333333333333334,0,256,1234,100010000000000100011000000100000000000010000001000001100000010000001000010000000000000000000000000000100000000000000100010000000000000000010000100000000000000000000000000000000000010000000000000001000000000000000000000001010000000000100000001000000010000010000100000000000000000000000000000000000000
8192,linear,fp32,256.0,300,0,0.0,8.563957084937438e-19,0.012642971224546036,0.0,0.0,0,,1234,000000000000000000000000000000000000000000000000000000000000000000000000000000000000000000000000000000000000000000000000000000000000000000000000000000000000000000000000000000000000000000000000000000000000000000000000000000000000000000000000000000000000000000000000000000000000000000000000000000000000
8192,sdpa,fp16,64.0,300,300,1.0,0.9873570287754537,0.9999999999999998,1.0,1.0,0,,1234,111111111111111111111111111111111111111111111111111111111111111111111111111111111111111111111111111111111111111111111111111111111111111111111111111111111111111111111111111111111111111111111111111111111111111111111111111111111111111111111111111111111111111111111111111111111111111111111111111111111111
8192,local_window,fp16,64.0,300,27,0.09,0.06259022560547937,0.12777701079864834,0.06,0.12333333333333334,0,256,1234,100010000000000100011000000100000000000010000001000001100000010000001000010000000000000000000000000000100000000000000100010000000000000000010000100000000000000000000000000000000000010000000000000001000000000000000000000001010000000000100000001000000010000010000100000000000000000000000000000000000000
8192,linear,fp16,64.0,300,1,0.0033333333333333335,0.0005886577218511591,0.018636693694531237,0.0,0.01,0,,1234,000000000000000000000000000000000000000000000000000000000000000000000000000000000000000000000000000000000000000000000000000000000000000000000000000000000000000000000000000000000000000000000000000000000001000000000000000000000000000000000000000000000000000000000000000000000000000000000000000000000000
8192,linear_acc32,fp16,64.0,300,0,0.0,8.563957084937438e-19,0.012642971224546036,0.0,0.0,0,,1234,000000000000000000000000000000000000000000000000000000000000000000000000000000000000000000000000000000000000000000000000000000000000000000000000000000000000000000000000000000000000000000000000000000000000000000000000000000000000000000000000000000000000000000000000000000000000000000000000000000000000
8192,sdpa,fp16,256.0,300,300,1.0,0.9873570287754537,0.9999999999999998,1.0,1.0,0,,1234,111111111111111111111111111111111111111111111111111111111111111111111111111111111111111111111111111111111111111111111111111111111111111111111111111111111111111111111111111111111111111111111111111111111111111111111111111111111111111111111111111111111111111111111111111111111111111111111111111111111111
8192,local_window,fp16,256.0,300,27,0.09,0.06259022560547937,0.12777701079864834,0.06,0.12333333333333334,0,256,1234,100010000000000100011000000100000000000010000001000001100000010000001000010000000000000000000000000000100000000000000100010000000000000000010000100000000000000000000000000000000000010000000000000001000000000000000000000001010000000000100000001000000010000010000100000000000000000000000000000000000000
8192,linear,fp16,256.0,300,1,0.0033333333333333335,0.0005886577218511591,0.018636693694531237,0.0,0.01,0,,1234,000000000000000000000000000000000000000000000000000000000000000000000000000000000000000000000000000000000000000000000000000000000000000000000000000000000000000000000000000000000000000000000000000000000001000000000000000000000000000000000000000000000000000000000000000000000000000000000000000000000000
8192,linear_acc32,fp16,256.0,300,0,0.0,8.563957084937438e-19,0.012642971224546036,0.0,0.0,0,,1234,000000000000000000000000000000000000000000000000000000000000000000000000000000000000000000000000000000000000000000000000000000000000000000000000000000000000000000000000000000000000000000000000000000000000000000000000000000000000000000000000000000000000000000000000000000000000000000000000000000000000
16384,sdpa,fp32,64.0,300,300,1.0,0.9873570287754537,0.9999999999999998,1.0,1.0,0,,1234,111111111111111111111111111111111111111111111111111111111111111111111111111111111111111111111111111111111111111111111111111111111111111111111111111111111111111111111111111111111111111111111111111111111111111111111111111111111111111111111111111111111111111111111111111111111111111111111111111111111111
16384,local_window,fp32,64.0,300,6,0.02,0.009197631557703615,0.042939620817860576,0.006666666666666667,0.03666666666666667,0,256,1234,000000000000000000000000000000000000000000000000000000000000000000000000000000010000000000000000000000000000000000000000000000000000000000000000000000000100000000000000000000001000000000000000000000000000000000000000010000000000000000000000000000000000000000000000000000100000000010000000000000000000
16384,linear,fp32,64.0,300,0,0.0,8.563957084937438e-19,0.012642971224546036,0.0,0.0,0,,1234,000000000000000000000000000000000000000000000000000000000000000000000000000000000000000000000000000000000000000000000000000000000000000000000000000000000000000000000000000000000000000000000000000000000000000000000000000000000000000000000000000000000000000000000000000000000000000000000000000000000000
16384,sdpa,fp32,256.0,300,300,1.0,0.9873570287754537,0.9999999999999998,1.0,1.0,0,,1234,111111111111111111111111111111111111111111111111111111111111111111111111111111111111111111111111111111111111111111111111111111111111111111111111111111111111111111111111111111111111111111111111111111111111111111111111111111111111111111111111111111111111111111111111111111111111111111111111111111111111
16384,local_window,fp32,256.0,300,6,0.02,0.009197631557703615,0.042939620817860576,0.006666666666666667,0.03666666666666667,0,256,1234,000000000000000000000000000000000000000000000000000000000000000000000000000000010000000000000000000000000000000000000000000000000000000000000000000000000100000000000000000000001000000000000000000000000000000000000000010000000000000000000000000000000000000000000000000000100000000010000000000000000000
16384,linear,fp32,256.0,300,0,0.0,8.563957084937438e-19,0.012642971224546036,0.0,0.0,0,,1234,000000000000000000000000000000000000000000000000000000000000000000000000000000000000000000000000000000000000000000000000000000000000000000000000000000000000000000000000000000000000000000000000000000000000000000000000000000000000000000000000000000000000000000000000000000000000000000000000000000000000
16384,sdpa,fp16,64.0,300,300,1.0,0.9873570287754537,0.9999999999999998,1.0,1.0,0,,1234,111111111111111111111111111111111111111111111111111111111111111111111111111111111111111111111111111111111111111111111111111111111111111111111111111111111111111111111111111111111111111111111111111111111111111111111111111111111111111111111111111111111111111111111111111111111111111111111111111111111111
16384,local_window,fp16,64.0,300,6,0.02,0.009197631557703615,0.042939620817860576,0.006666666666666667,0.03666666666666667,0,256,1234,000000000000000000000000000000000000000000000000000000000000000000000000000000010000000000000000000000000000000000000000000000000000000000000000000000000100000000000000000000001000000000000000000000000000000000000000010000000000000000000000000000000000000000000000000000100000000010000000000000000000
16384,linear,fp16,64.0,300,0,0.0,8.563957084937438e-19,0.012642971224546036,0.0,0.0,0,,1234,000000000000000000000000000000000000000000000000000000000000000000000000000000000000000000000000000000000000000000000000000000000000000000000000000000000000000000000000000000000000000000000000000000000000000000000000000000000000000000000000000000000000000000000000000000000000000000000000000000000000
16384,linear_acc32,fp16,64.0,300,0,0.0,8.563957084937438e-19,0.012642971224546036,0.0,0.0,0,,1234,000000000000000000000000000000000000000000000000000000000000000000000000000000000000000000000000000000000000000000000000000000000000000000000000000000000000000000000000000000000000000000000000000000000000000000000000000000000000000000000000000000000000000000000000000000000000000000000000000000000000
16384,sdpa,fp16,256.0,300,300,1.0,0.9873570287754537,0.9999999999999998,1.0,1.0,0,,1234,111111111111111111111111111111111111111111111111111111111111111111111111111111111111111111111111111111111111111111111111111111111111111111111111111111111111111111111111111111111111111111111111111111111111111111111111111111111111111111111111111111111111111111111111111111111111111111111111111111111111
16384,local_window,fp16,256.0,300,6,0.02,0.009197631557703615,0.042939620817860576,0.006666666666666667,0.03666666666666667,0,256,1234,000000000000000000000000000000000000000000000000000000000000000000000000000000010000000000000000000000000000000000000000000000000000000000000000000000000100000000000000000000001000000000000000000000000000000000000000010000000000000000000000000000000000000000000000000000100000000010000000000000000000
16384,linear,fp16,256.0,300,0,0.0,8.563957084937438e-19,0.012642971224546036,0.0,0.0,1,,1234,000000000000000000000000000000000000000000000000000000000000000000000000000000000000000000000000000000000000000000000000000000000000000000000000000000000000000000000000000000000000000000000000000000000000000000000000000000000000000000000000000000000000000000000000000000000000000000000000000000000000
16384,linear_acc32,fp16,256.0,300,0,0.0,8.563957084937438e-19,0.012642971224546036,0.0,0.0,0,,1234,000000000000000000000000000000000000000000000000000000000000000000000000000000000000000000000000000000000000000000000000000000000000000000000000000000000000000000000000000000000000000000000000000000000000000000000000000000000000000000000000000000000000000000000000000000000000000000000000000000000000
32768,sdpa,fp32,64.0,300,300,1.0,0.9873570287754537,0.9999999999999998,1.0,1.0,0,,1234,111111111111111111111111111111111111111111111111111111111111111111111111111111111111111111111111111111111111111111111111111111111111111111111111111111111111111111111111111111111111111111111111111111111111111111111111111111111111111111111111111111111111111111111111111111111111111111111111111111111111
32768,local_window,fp32,64.0,300,5,0.016666666666666666,0.007139477350633333,0.0384153948330945,0.0033333333333333335,0.03333333333333333,0,256,1234,000000000000000000000000000000000000000000000000000000000000000000000000000000000000000000100000000000000010000000000000000000000000000000000000000000000000011000000000000000000000000000100000000000000000000000000000000000000000000000000000000000000000000000000000000000000000000000000000000000000000
32768,linear,fp32,64.0,300,0,0.0,8.563957084937438e-19,0.012642971224546036,0.0,0.0,0,,1234,000000000000000000000000000000000000000000000000000000000000000000000000000000000000000000000000000000000000000000000000000000000000000000000000000000000000000000000000000000000000000000000000000000000000000000000000000000000000000000000000000000000000000000000000000000000000000000000000000000000000
32768,sdpa,fp32,256.0,300,300,1.0,0.9873570287754537,0.9999999999999998,1.0,1.0,0,,1234,111111111111111111111111111111111111111111111111111111111111111111111111111111111111111111111111111111111111111111111111111111111111111111111111111111111111111111111111111111111111111111111111111111111111111111111111111111111111111111111111111111111111111111111111111111111111111111111111111111111111
32768,local_window,fp32,256.0,300,5,0.016666666666666666,0.007139477350633333,0.0384153948330945,0.0033333333333333335,0.03333333333333333,0,256,1234,000000000000000000000000000000000000000000000000000000000000000000000000000000000000000000100000000000000010000000000000000000000000000000000000000000000000011000000000000000000000000000100000000000000000000000000000000000000000000000000000000000000000000000000000000000000000000000000000000000000000
32768,linear,fp32,256.0,300,0,0.0,8.563957084937438e-19,0.012642971224546036,0.0,0.0,0,,1234,000000000000000000000000000000000000000000000000000000000000000000000000000000000000000000000000000000000000000000000000000000000000000000000000000000000000000000000000000000000000000000000000000000000000000000000000000000000000000000000000000000000000000000000000000000000000000000000000000000000000
32768,sdpa,fp16,64.0,300,300,1.0,0.9873570287754537,0.9999999999999998,1.0,1.0,0,,1234,111111111111111111111111111111111111111111111111111111111111111111111111111111111111111111111111111111111111111111111111111111111111111111111111111111111111111111111111111111111111111111111111111111111111111111111111111111111111111111111111111111111111111111111111111111111111111111111111111111111111
32768,local_window,fp16,64.0,300,5,0.016666666666666666,0.007139477350633333,0.0384153948330945,0.0033333333333333335,0.03333333333333333,0,256,1234,000000000000000000000000000000000000000000000000000000000000000000000000000000000000000000100000000000000010000000000000000000000000000000000000000000000000011000000000000000000000000000100000000000000000000000000000000000000000000000000000000000000000000000000000000000000000000000000000000000000000
32768,linear,fp16,64.0,300,0,0.0,8.563957084937438e-19,0.012642971224546036,0.0,0.0,0,,1234,000000000000000000000000000000000000000000000000000000000000000000000000000000000000000000000000000000000000000000000000000000000000000000000000000000000000000000000000000000000000000000000000000000000000000000000000000000000000000000000000000000000000000000000000000000000000000000000000000000000000
32768,linear_acc32,fp16,64.0,300,0,0.0,8.563957084937438e-19,0.012642971224546036,0.0,0.0,0,,1234,000000000000000000000000000000000000000000000000000000000000000000000000000000000000000000000000000000000000000000000000000000000000000000000000000000000000000000000000000000000000000000000000000000000000000000000000000000000000000000000000000000000000000000000000000000000000000000000000000000000000
32768,sdpa,fp16,256.0,300,300,1.0,0.9873570287754537,0.9999999999999998,1.0,1.0,0,,1234,111111111111111111111111111111111111111111111111111111111111111111111111111111111111111111111111111111111111111111111111111111111111111111111111111111111111111111111111111111111111111111111111111111111111111111111111111111111111111111111111111111111111111111111111111111111111111111111111111111111111
32768,local_window,fp16,256.0,300,5,0.016666666666666666,0.007139477350633333,0.0384153948330945,0.0033333333333333335,0.03333333333333333,0,256,1234,000000000000000000000000000000000000000000000000000000000000000000000000000000000000000000100000000000000010000000000000000000000000000000000000000000000000011000000000000000000000000000100000000000000000000000000000000000000000000000000000000000000000000000000000000000000000000000000000000000000000
32768,linear,fp16,256.0,300,0,0.0,8.563957084937438e-19,0.012642971224546036,0.0,0.0,56,,1234,000000000000000000000000000000000000000000000000000000000000000000000000000000000000000000000000000000000000000000000000000000000000000000000000000000000000000000000000000000000000000000000000000000000000000000000000000000000000000000000000000000000000000000000000000000000000000000000000000000000000
32768,linear_acc32,fp16,256.0,300,0,0.0,8.563957084937438e-19,0.012642971224546036,0.0,0.0,0,,1234,000000000000000000000000000000000000000000000000000000000000000000000000000000000000000000000000000000000000000000000000000000000000000000000000000000000000000000000000000000000000000000000000000000000000000000000000000000000000000000000000000000000000000000000000000000000000000000000000000000000000
65536,sdpa,fp32,64.0,300,300,1.0,0.9873570287754537,0.9999999999999998,1.0,1.0,0,,1234,111111111111111111111111111111111111111111111111111111111111111111111111111111111111111111111111111111111111111111111111111111111111111111111111111111111111111111111111111111111111111111111111111111111111111111111111111111111111111111111111111111111111111111111111111111111111111111111111111111111111
65536,local_window,fp32,64.0,300,3,0.01,0.003406618437715286,0.02898349336233983,0.0,0.023333333333333334,0,256,1234,000000000000000000000000000010000000000000000000000000000000000000000000000001000001000000000000000000000000000000000000000000000000000000000000000000000000000000000000000000000000000000000000000000000000000000000000000000000000000000000000000000000000000000000000000000000000000000000000000000000000
65536,linear,fp32,64.0,300,0,0.0,8.563957084937438e-19,0.012642971224546036,0.0,0.0,0,,1234,000000000000000000000000000000000000000000000000000000000000000000000000000000000000000000000000000000000000000000000000000000000000000000000000000000000000000000000000000000000000000000000000000000000000000000000000000000000000000000000000000000000000000000000000000000000000000000000000000000000000
65536,sdpa,fp32,256.0,300,300,1.0,0.9873570287754537,0.9999999999999998,1.0,1.0,0,,1234,111111111111111111111111111111111111111111111111111111111111111111111111111111111111111111111111111111111111111111111111111111111111111111111111111111111111111111111111111111111111111111111111111111111111111111111111111111111111111111111111111111111111111111111111111111111111111111111111111111111111
65536,local_window,fp32,256.0,300,3,0.01,0.003406618437715286,0.02898349336233983,0.0,0.023333333333333334,0,256,1234,000000000000000000000000000010000000000000000000000000000000000000000000000001000001000000000000000000000000000000000000000000000000000000000000000000000000000000000000000000000000000000000000000000000000000000000000000000000000000000000000000000000000000000000000000000000000000000000000000000000000
65536,linear,fp32,256.0,300,0,0.0,8.563957084937438e-19,0.012642971224546036,0.0,0.0,0,,1234,000000000000000000000000000000000000000000000000000000000000000000000000000000000000000000000000000000000000000000000000000000000000000000000000000000000000000000000000000000000000000000000000000000000000000000000000000000000000000000000000000000000000000000000000000000000000000000000000000000000000
65536,sdpa,fp16,64.0,300,300,1.0,0.9873570287754537,0.9999999999999998,1.0,1.0,0,,1234,111111111111111111111111111111111111111111111111111111111111111111111111111111111111111111111111111111111111111111111111111111111111111111111111111111111111111111111111111111111111111111111111111111111111111111111111111111111111111111111111111111111111111111111111111111111111111111111111111111111111
65536,local_window,fp16,64.0,300,3,0.01,0.003406618437715286,0.02898349336233983,0.0,0.023333333333333334,0,256,1234,000000000000000000000000000010000000000000000000000000000000000000000000000001000001000000000000000000000000000000000000000000000000000000000000000000000000000000000000000000000000000000000000000000000000000000000000000000000000000000000000000000000000000000000000000000000000000000000000000000000000
65536,linear,fp16,64.0,300,0,0.0,8.563957084937438e-19,0.012642971224546036,0.0,0.0,0,,1234,000000000000000000000000000000000000000000000000000000000000000000000000000000000000000000000000000000000000000000000000000000000000000000000000000000000000000000000000000000000000000000000000000000000000000000000000000000000000000000000000000000000000000000000000000000000000000000000000000000000000
65536,linear_acc32,fp16,64.0,300,0,0.0,8.563957084937438e-19,0.012642971224546036,0.0,0.0,0,,1234,000000000000000000000000000000000000000000000000000000000000000000000000000000000000000000000000000000000000000000000000000000000000000000000000000000000000000000000000000000000000000000000000000000000000000000000000000000000000000000000000000000000000000000000000000000000000000000000000000000000000
65536,sdpa,fp16,256.0,300,300,1.0,0.9873570287754537,0.9999999999999998,1.0,1.0,0,,1234,111111111111111111111111111111111111111111111111111111111111111111111111111111111111111111111111111111111111111111111111111111111111111111111111111111111111111111111111111111111111111111111111111111111111111111111111111111111111111111111111111111111111111111111111111111111111111111111111111111111111
65536,local_window,fp16,256.0,300,3,0.01,0.003406618437715286,0.02898349336233983,0.0,0.023333333333333334,0,256,1234,000000000000000000000000000010000000000000000000000000000000000000000000000001000001000000000000000000000000000000000000000000000000000000000000000000000000000000000000000000000000000000000000000000000000000000000000000000000000000000000000000000000000000000000000000000000000000000000000000000000000
65536,linear,fp16,256.0,300,0,0.0,8.563957084937438e-19,0.012642971224546036,0.0,0.0,226,,1234,000000000000000000000000000000000000000000000000000000000000000000000000000000000000000000000000000000000000000000000000000000000000000000000000000000000000000000000000000000000000000000000000000000000000000000000000000000000000000000000000000000000000000000000000000000000000000000000000000000000000
65536,linear_acc32,fp16,256.0,300,0,0.0,8.563957084937438e-19,0.012642971224546036,0.0,0.0,0,,1234,000000000000000000000000000000000000000000000000000000000000000000000000000000000000000000000000000000000000000000000000000000000000000000000000000000000000000000000000000000000000000000000000000000000000000000000000000000000000000000000000000000000000000000000000000000000000000000000000000000000000
